-- phpMyAdmin SQL Dump
-- version 4.7.0
-- https://www.phpmyadmin.net/
--
-- Host: 127.0.0.1
-- Generation Time: 12-Ago-2021 às 02:18
-- Versão do servidor: 10.1.26-MariaDB
-- PHP Version: 7.1.8

SET SQL_MODE = "NO_AUTO_VALUE_ON_ZERO";
SET AUTOCOMMIT = 0;
START TRANSACTION;
SET time_zone = "+00:00";


/*!40101 SET @OLD_CHARACTER_SET_CLIENT=@@CHARACTER_SET_CLIENT */;
/*!40101 SET @OLD_CHARACTER_SET_RESULTS=@@CHARACTER_SET_RESULTS */;
/*!40101 SET @OLD_COLLATION_CONNECTION=@@COLLATION_CONNECTION */;
/*!40101 SET NAMES utf8mb4 */;

--
-- Database: `laravel`
--

-- --------------------------------------------------------

--
-- Estrutura da tabela `categories`
--

CREATE TABLE `categories` (
  `id` int(10) UNSIGNED NOT NULL,
  `parent_id` int(10) UNSIGNED DEFAULT NULL,
  `order` int(11) NOT NULL DEFAULT '1',
  `name` varchar(191) COLLATE utf8mb4_unicode_ci NOT NULL,
  `slug` varchar(191) COLLATE utf8mb4_unicode_ci NOT NULL,
  `created_at` timestamp NULL DEFAULT NULL,
  `updated_at` timestamp NULL DEFAULT NULL
) ENGINE=InnoDB DEFAULT CHARSET=utf8mb4 COLLATE=utf8mb4_unicode_ci;

--
-- Extraindo dados da tabela `categories`
--

INSERT INTO `categories` (`id`, `parent_id`, `order`, `name`, `slug`, `created_at`, `updated_at`) VALUES
(3, NULL, 1, 'EUA', 'eua', '2021-03-05 23:22:00', '2021-03-05 23:22:00'),
(4, NULL, 1, 'Rússia', 'russia', '2021-03-05 23:22:11', '2021-03-05 23:22:11'),
(5, NULL, 1, 'Geopolítica', 'geopolitica', '2021-08-05 05:41:12', '2021-08-05 05:41:12');

-- --------------------------------------------------------

--
-- Estrutura da tabela `data_rows`
--

CREATE TABLE `data_rows` (
  `id` int(10) UNSIGNED NOT NULL,
  `data_type_id` int(10) UNSIGNED NOT NULL,
  `field` varchar(191) COLLATE utf8mb4_unicode_ci NOT NULL,
  `type` varchar(191) COLLATE utf8mb4_unicode_ci NOT NULL,
  `display_name` varchar(191) COLLATE utf8mb4_unicode_ci NOT NULL,
  `required` tinyint(1) NOT NULL DEFAULT '0',
  `browse` tinyint(1) NOT NULL DEFAULT '1',
  `read` tinyint(1) NOT NULL DEFAULT '1',
  `edit` tinyint(1) NOT NULL DEFAULT '1',
  `add` tinyint(1) NOT NULL DEFAULT '1',
  `delete` tinyint(1) NOT NULL DEFAULT '1',
  `details` text COLLATE utf8mb4_unicode_ci,
  `order` int(11) NOT NULL DEFAULT '1'
) ENGINE=InnoDB DEFAULT CHARSET=utf8mb4 COLLATE=utf8mb4_unicode_ci;

--
-- Extraindo dados da tabela `data_rows`
--

INSERT INTO `data_rows` (`id`, `data_type_id`, `field`, `type`, `display_name`, `required`, `browse`, `read`, `edit`, `add`, `delete`, `details`, `order`) VALUES
(1, 1, 'id', 'number', 'ID', 1, 0, 0, 0, 0, 0, NULL, 1),
(2, 1, 'name', 'text', 'Name', 1, 1, 1, 1, 1, 1, NULL, 2),
(3, 1, 'email', 'text', 'Email', 1, 1, 1, 1, 1, 1, NULL, 3),
(4, 1, 'password', 'password', 'Password', 1, 0, 0, 1, 1, 0, NULL, 4),
(5, 1, 'remember_token', 'text', 'Remember Token', 0, 0, 0, 0, 0, 0, NULL, 5),
(6, 1, 'created_at', 'timestamp', 'Created At', 0, 1, 1, 0, 0, 0, NULL, 6),
(7, 1, 'updated_at', 'timestamp', 'Updated At', 0, 0, 0, 0, 0, 0, NULL, 7),
(8, 1, 'avatar', 'image', 'Avatar', 0, 1, 1, 1, 1, 1, NULL, 8),
(9, 1, 'user_belongsto_role_relationship', 'relationship', 'Role', 0, 1, 1, 1, 1, 0, '{\"model\":\"TCG\\\\Voyager\\\\Models\\\\Role\",\"table\":\"roles\",\"type\":\"belongsTo\",\"column\":\"role_id\",\"key\":\"id\",\"label\":\"display_name\",\"pivot_table\":\"roles\",\"pivot\":0}', 10),
(10, 1, 'user_belongstomany_role_relationship', 'relationship', 'Roles', 0, 1, 1, 1, 1, 0, '{\"model\":\"TCG\\\\Voyager\\\\Models\\\\Role\",\"table\":\"roles\",\"type\":\"belongsToMany\",\"column\":\"id\",\"key\":\"id\",\"label\":\"display_name\",\"pivot_table\":\"user_roles\",\"pivot\":\"1\",\"taggable\":\"0\"}', 11),
(11, 1, 'settings', 'hidden', 'Settings', 0, 0, 0, 0, 0, 0, NULL, 12),
(12, 2, 'id', 'number', 'ID', 1, 0, 0, 0, 0, 0, NULL, 1),
(13, 2, 'name', 'text', 'Name', 1, 1, 1, 1, 1, 1, NULL, 2),
(14, 2, 'created_at', 'timestamp', 'Created At', 0, 0, 0, 0, 0, 0, NULL, 3),
(15, 2, 'updated_at', 'timestamp', 'Updated At', 0, 0, 0, 0, 0, 0, NULL, 4),
(16, 3, 'id', 'number', 'ID', 1, 0, 0, 0, 0, 0, NULL, 1),
(17, 3, 'name', 'text', 'Name', 1, 1, 1, 1, 1, 1, NULL, 2),
(18, 3, 'created_at', 'timestamp', 'Created At', 0, 0, 0, 0, 0, 0, NULL, 3),
(19, 3, 'updated_at', 'timestamp', 'Updated At', 0, 0, 0, 0, 0, 0, NULL, 4),
(20, 3, 'display_name', 'text', 'Display Name', 1, 1, 1, 1, 1, 1, NULL, 5),
(21, 1, 'role_id', 'text', 'Role', 1, 1, 1, 1, 1, 1, NULL, 9),
(22, 4, 'id', 'number', 'ID', 1, 0, 0, 0, 0, 0, NULL, 1),
(23, 4, 'parent_id', 'select_dropdown', 'Parent', 0, 0, 1, 1, 1, 1, '{\"default\":\"\",\"null\":\"\",\"options\":{\"\":\"-- None --\"},\"relationship\":{\"key\":\"id\",\"label\":\"name\"}}', 2),
(24, 4, 'order', 'text', 'Order', 1, 1, 1, 1, 1, 1, '{\"default\":1}', 3),
(25, 4, 'name', 'text', 'Name', 1, 1, 1, 1, 1, 1, NULL, 4),
(26, 4, 'slug', 'text', 'Slug', 1, 1, 1, 1, 1, 1, '{\"slugify\":{\"origin\":\"name\"}}', 5),
(27, 4, 'created_at', 'timestamp', 'Created At', 0, 0, 1, 0, 0, 0, NULL, 6),
(28, 4, 'updated_at', 'timestamp', 'Updated At', 0, 0, 0, 0, 0, 0, NULL, 7),
(29, 5, 'id', 'number', 'ID', 1, 0, 0, 0, 0, 0, NULL, 1),
(30, 5, 'author_id', 'text', 'Author', 1, 0, 1, 1, 0, 1, NULL, 2),
(31, 5, 'category_id', 'text', 'Category', 1, 0, 1, 1, 1, 0, NULL, 3),
(32, 5, 'title', 'text', 'Title', 1, 1, 1, 1, 1, 1, NULL, 4),
(33, 5, 'excerpt', 'text_area', 'Excerpt', 1, 0, 1, 1, 1, 1, NULL, 5),
(34, 5, 'body', 'rich_text_box', 'Body', 1, 0, 1, 1, 1, 1, NULL, 6),
(35, 5, 'image', 'image', 'Post Image', 0, 1, 1, 1, 1, 1, '{\"resize\":{\"width\":\"1000\",\"height\":\"null\"},\"quality\":\"70%\",\"upsize\":true,\"thumbnails\":[{\"name\":\"medium\",\"scale\":\"50%\"},{\"name\":\"small\",\"scale\":\"25%\"},{\"name\":\"cropped\",\"crop\":{\"width\":\"300\",\"height\":\"250\"}}]}', 7),
(36, 5, 'slug', 'text', 'Slug', 1, 0, 1, 1, 1, 1, '{\"slugify\":{\"origin\":\"title\",\"forceUpdate\":true},\"validation\":{\"rule\":\"unique:posts,slug\"}}', 8),
(37, 5, 'meta_description', 'text_area', 'Meta Description', 1, 0, 1, 1, 1, 1, NULL, 9),
(38, 5, 'meta_keywords', 'text_area', 'Meta Keywords', 1, 0, 1, 1, 1, 1, NULL, 10),
(39, 5, 'status', 'select_dropdown', 'Status', 1, 1, 1, 1, 1, 1, '{\"default\":\"DRAFT\",\"options\":{\"PUBLISHED\":\"published\",\"DRAFT\":\"draft\",\"PENDING\":\"pending\"}}', 11),
(40, 5, 'created_at', 'timestamp', 'Created At', 0, 1, 1, 0, 0, 0, NULL, 12),
(41, 5, 'updated_at', 'timestamp', 'Updated At', 0, 0, 0, 0, 0, 0, NULL, 13),
(42, 5, 'seo_title', 'text', 'SEO Title', 0, 1, 1, 1, 1, 1, NULL, 14),
(43, 5, 'featured', 'checkbox', 'Featured', 1, 1, 1, 1, 1, 1, NULL, 15),
(44, 6, 'id', 'number', 'ID', 1, 0, 0, 0, 0, 0, NULL, 1),
(45, 6, 'author_id', 'text', 'Author', 1, 0, 0, 0, 0, 0, NULL, 2),
(46, 6, 'title', 'text', 'Title', 1, 1, 1, 1, 1, 1, NULL, 3),
(47, 6, 'excerpt', 'text_area', 'Excerpt', 1, 0, 1, 1, 1, 1, NULL, 4),
(48, 6, 'body', 'rich_text_box', 'Body', 1, 0, 1, 1, 1, 1, NULL, 5),
(49, 6, 'slug', 'text', 'Slug', 1, 0, 1, 1, 1, 1, '{\"slugify\":{\"origin\":\"title\"},\"validation\":{\"rule\":\"unique:pages,slug\"}}', 6),
(50, 6, 'meta_description', 'text', 'Meta Description', 1, 0, 1, 1, 1, 1, NULL, 7),
(51, 6, 'meta_keywords', 'text', 'Meta Keywords', 1, 0, 1, 1, 1, 1, NULL, 8),
(52, 6, 'status', 'select_dropdown', 'Status', 1, 1, 1, 1, 1, 1, '{\"default\":\"INACTIVE\",\"options\":{\"INACTIVE\":\"INACTIVE\",\"ACTIVE\":\"ACTIVE\"}}', 9),
(53, 6, 'created_at', 'timestamp', 'Created At', 1, 1, 1, 0, 0, 0, NULL, 10),
(54, 6, 'updated_at', 'timestamp', 'Updated At', 1, 0, 0, 0, 0, 0, NULL, 11),
(55, 6, 'image', 'image', 'Page Image', 0, 1, 1, 1, 1, 1, NULL, 12);

-- --------------------------------------------------------

--
-- Estrutura da tabela `data_types`
--

CREATE TABLE `data_types` (
  `id` int(10) UNSIGNED NOT NULL,
  `name` varchar(191) COLLATE utf8mb4_unicode_ci NOT NULL,
  `slug` varchar(191) COLLATE utf8mb4_unicode_ci NOT NULL,
  `display_name_singular` varchar(191) COLLATE utf8mb4_unicode_ci NOT NULL,
  `display_name_plural` varchar(191) COLLATE utf8mb4_unicode_ci NOT NULL,
  `icon` varchar(191) COLLATE utf8mb4_unicode_ci DEFAULT NULL,
  `model_name` varchar(191) COLLATE utf8mb4_unicode_ci DEFAULT NULL,
  `policy_name` varchar(191) COLLATE utf8mb4_unicode_ci DEFAULT NULL,
  `controller` varchar(191) COLLATE utf8mb4_unicode_ci DEFAULT NULL,
  `description` varchar(191) COLLATE utf8mb4_unicode_ci DEFAULT NULL,
  `generate_permissions` tinyint(1) NOT NULL DEFAULT '0',
  `server_side` tinyint(4) NOT NULL DEFAULT '0',
  `details` text COLLATE utf8mb4_unicode_ci,
  `created_at` timestamp NULL DEFAULT NULL,
  `updated_at` timestamp NULL DEFAULT NULL
) ENGINE=InnoDB DEFAULT CHARSET=utf8mb4 COLLATE=utf8mb4_unicode_ci;

--
-- Extraindo dados da tabela `data_types`
--

INSERT INTO `data_types` (`id`, `name`, `slug`, `display_name_singular`, `display_name_plural`, `icon`, `model_name`, `policy_name`, `controller`, `description`, `generate_permissions`, `server_side`, `details`, `created_at`, `updated_at`) VALUES
(1, 'users', 'users', 'User', 'Users', 'voyager-person', 'TCG\\Voyager\\Models\\User', 'TCG\\Voyager\\Policies\\UserPolicy', 'TCG\\Voyager\\Http\\Controllers\\VoyagerUserController', '', 1, 0, NULL, '2021-02-19 01:15:06', '2021-02-19 01:15:06'),
(2, 'menus', 'menus', 'Menu', 'Menus', 'voyager-list', 'TCG\\Voyager\\Models\\Menu', NULL, '', '', 1, 0, NULL, '2021-02-19 01:15:06', '2021-02-19 01:15:06'),
(3, 'roles', 'roles', 'Role', 'Roles', 'voyager-lock', 'TCG\\Voyager\\Models\\Role', NULL, 'TCG\\Voyager\\Http\\Controllers\\VoyagerRoleController', '', 1, 0, NULL, '2021-02-19 01:15:06', '2021-02-19 01:15:06'),
(4, 'categories', 'categories', 'Category', 'Categories', 'voyager-categories', 'TCG\\Voyager\\Models\\Category', NULL, '', '', 1, 0, NULL, '2021-02-19 01:15:13', '2021-02-19 01:15:13'),
(5, 'posts', 'posts', 'Post', 'Posts', 'voyager-news', 'TCG\\Voyager\\Models\\Post', 'TCG\\Voyager\\Policies\\PostPolicy', '', '', 1, 0, NULL, '2021-02-19 01:15:15', '2021-02-19 01:15:15'),
(6, 'pages', 'pages', 'Page', 'Pages', 'voyager-file-text', 'TCG\\Voyager\\Models\\Page', NULL, '', '', 1, 0, NULL, '2021-02-19 01:15:16', '2021-02-19 01:15:16');

-- --------------------------------------------------------

--
-- Estrutura da tabela `failed_jobs`
--

CREATE TABLE `failed_jobs` (
  `id` bigint(20) UNSIGNED NOT NULL,
  `uuid` varchar(191) COLLATE utf8mb4_unicode_ci NOT NULL,
  `connection` text COLLATE utf8mb4_unicode_ci NOT NULL,
  `queue` text COLLATE utf8mb4_unicode_ci NOT NULL,
  `payload` longtext COLLATE utf8mb4_unicode_ci NOT NULL,
  `exception` longtext COLLATE utf8mb4_unicode_ci NOT NULL,
  `failed_at` timestamp NOT NULL DEFAULT CURRENT_TIMESTAMP
) ENGINE=InnoDB DEFAULT CHARSET=utf8mb4 COLLATE=utf8mb4_unicode_ci;

-- --------------------------------------------------------

--
-- Estrutura da tabela `menus`
--

CREATE TABLE `menus` (
  `id` int(10) UNSIGNED NOT NULL,
  `name` varchar(191) COLLATE utf8mb4_unicode_ci NOT NULL,
  `created_at` timestamp NULL DEFAULT NULL,
  `updated_at` timestamp NULL DEFAULT NULL
) ENGINE=InnoDB DEFAULT CHARSET=utf8mb4 COLLATE=utf8mb4_unicode_ci;

--
-- Extraindo dados da tabela `menus`
--

INSERT INTO `menus` (`id`, `name`, `created_at`, `updated_at`) VALUES
(1, 'admin', '2021-02-19 01:15:07', '2021-02-19 01:15:07');

-- --------------------------------------------------------

--
-- Estrutura da tabela `menu_items`
--

CREATE TABLE `menu_items` (
  `id` int(10) UNSIGNED NOT NULL,
  `menu_id` int(10) UNSIGNED DEFAULT NULL,
  `title` varchar(191) COLLATE utf8mb4_unicode_ci NOT NULL,
  `url` varchar(191) COLLATE utf8mb4_unicode_ci NOT NULL,
  `target` varchar(191) COLLATE utf8mb4_unicode_ci NOT NULL DEFAULT '_self',
  `icon_class` varchar(191) COLLATE utf8mb4_unicode_ci DEFAULT NULL,
  `color` varchar(191) COLLATE utf8mb4_unicode_ci DEFAULT NULL,
  `parent_id` int(11) DEFAULT NULL,
  `order` int(11) NOT NULL,
  `created_at` timestamp NULL DEFAULT NULL,
  `updated_at` timestamp NULL DEFAULT NULL,
  `route` varchar(191) COLLATE utf8mb4_unicode_ci DEFAULT NULL,
  `parameters` text COLLATE utf8mb4_unicode_ci
) ENGINE=InnoDB DEFAULT CHARSET=utf8mb4 COLLATE=utf8mb4_unicode_ci;

--
-- Extraindo dados da tabela `menu_items`
--

INSERT INTO `menu_items` (`id`, `menu_id`, `title`, `url`, `target`, `icon_class`, `color`, `parent_id`, `order`, `created_at`, `updated_at`, `route`, `parameters`) VALUES
(1, 1, 'Dashboard', '', '_self', 'voyager-boat', NULL, NULL, 1, '2021-02-19 01:15:07', '2021-02-19 01:15:07', 'voyager.dashboard', NULL),
(2, 1, 'Media', '', '_self', 'voyager-images', NULL, NULL, 5, '2021-02-19 01:15:07', '2021-02-19 01:15:07', 'voyager.media.index', NULL),
(3, 1, 'Users', '', '_self', 'voyager-person', NULL, NULL, 3, '2021-02-19 01:15:07', '2021-02-19 01:15:07', 'voyager.users.index', NULL),
(4, 1, 'Roles', '', '_self', 'voyager-lock', NULL, NULL, 2, '2021-02-19 01:15:07', '2021-02-19 01:15:07', 'voyager.roles.index', NULL),
(5, 1, 'Tools', '', '_self', 'voyager-tools', NULL, NULL, 9, '2021-02-19 01:15:07', '2021-02-19 01:15:07', NULL, NULL),
(6, 1, 'Menu Builder', '', '_self', 'voyager-list', NULL, 5, 10, '2021-02-19 01:15:07', '2021-02-19 01:15:07', 'voyager.menus.index', NULL),
(7, 1, 'Database', '', '_self', 'voyager-data', NULL, 5, 11, '2021-02-19 01:15:07', '2021-02-19 01:15:07', 'voyager.database.index', NULL),
(8, 1, 'Compass', '', '_self', 'voyager-compass', NULL, 5, 12, '2021-02-19 01:15:07', '2021-02-19 01:15:07', 'voyager.compass.index', NULL),
(9, 1, 'BREAD', '', '_self', 'voyager-bread', NULL, 5, 13, '2021-02-19 01:15:07', '2021-02-19 01:15:07', 'voyager.bread.index', NULL),
(10, 1, 'Settings', '', '_self', 'voyager-settings', NULL, NULL, 14, '2021-02-19 01:15:08', '2021-02-19 01:15:08', 'voyager.settings.index', NULL),
(11, 1, 'Categories', '', '_self', 'voyager-categories', NULL, NULL, 8, '2021-02-19 01:15:14', '2021-02-19 01:15:14', 'voyager.categories.index', NULL),
(12, 1, 'Posts', '', '_self', 'voyager-news', NULL, NULL, 6, '2021-02-19 01:15:15', '2021-02-19 01:15:15', 'voyager.posts.index', NULL),
(13, 1, 'Pages', '', '_self', 'voyager-file-text', NULL, NULL, 7, '2021-02-19 01:15:16', '2021-02-19 01:15:16', 'voyager.pages.index', NULL),
(14, 1, 'Hooks', '', '_self', 'voyager-hook', NULL, 5, 13, '2021-02-19 01:15:19', '2021-02-19 01:15:19', 'voyager.hooks', NULL);

-- --------------------------------------------------------

--
-- Estrutura da tabela `migrations`
--

CREATE TABLE `migrations` (
  `id` int(10) UNSIGNED NOT NULL,
  `migration` varchar(191) COLLATE utf8mb4_unicode_ci NOT NULL,
  `batch` int(11) NOT NULL
) ENGINE=InnoDB DEFAULT CHARSET=utf8mb4 COLLATE=utf8mb4_unicode_ci;

--
-- Extraindo dados da tabela `migrations`
--

INSERT INTO `migrations` (`id`, `migration`, `batch`) VALUES
(1, '2014_10_12_000000_create_users_table', 1),
(2, '2014_10_12_100000_create_password_resets_table', 1),
(3, '2016_01_01_000000_add_voyager_user_fields', 1),
(4, '2016_01_01_000000_create_data_types_table', 1),
(5, '2016_05_19_173453_create_menu_table', 1),
(6, '2016_10_21_190000_create_roles_table', 1),
(7, '2016_10_21_190000_create_settings_table', 1),
(8, '2016_11_30_135954_create_permission_table', 1),
(9, '2016_11_30_141208_create_permission_role_table', 1),
(10, '2016_12_26_201236_data_types__add__server_side', 1),
(11, '2017_01_13_000000_add_route_to_menu_items_table', 1),
(12, '2017_01_14_005015_create_translations_table', 1),
(13, '2017_01_15_000000_make_table_name_nullable_in_permissions_table', 1),
(14, '2017_03_06_000000_add_controller_to_data_types_table', 1),
(15, '2017_04_21_000000_add_order_to_data_rows_table', 1),
(16, '2017_07_05_210000_add_policyname_to_data_types_table', 1),
(17, '2017_08_05_000000_add_group_to_settings_table', 1),
(18, '2017_11_26_013050_add_user_role_relationship', 1),
(19, '2017_11_26_015000_create_user_roles_table', 1),
(20, '2018_03_11_000000_add_user_settings', 1),
(21, '2018_03_14_000000_add_details_to_data_types_table', 1),
(22, '2018_03_16_000000_make_settings_value_nullable', 1),
(23, '2019_08_19_000000_create_failed_jobs_table', 1),
(24, '2016_01_01_000000_create_pages_table', 2),
(25, '2016_01_01_000000_create_posts_table', 2),
(26, '2016_02_15_204651_create_categories_table', 2),
(27, '2017_04_11_000000_alter_post_nullable_fields_table', 2);

-- --------------------------------------------------------

--
-- Estrutura da tabela `pages`
--

CREATE TABLE `pages` (
  `id` int(10) UNSIGNED NOT NULL,
  `author_id` int(11) NOT NULL,
  `title` varchar(191) COLLATE utf8mb4_unicode_ci NOT NULL,
  `excerpt` text COLLATE utf8mb4_unicode_ci,
  `body` text COLLATE utf8mb4_unicode_ci,
  `image` varchar(191) COLLATE utf8mb4_unicode_ci DEFAULT NULL,
  `slug` varchar(191) COLLATE utf8mb4_unicode_ci NOT NULL,
  `meta_description` text COLLATE utf8mb4_unicode_ci,
  `meta_keywords` text COLLATE utf8mb4_unicode_ci,
  `status` enum('ACTIVE','INACTIVE') COLLATE utf8mb4_unicode_ci NOT NULL DEFAULT 'INACTIVE',
  `created_at` timestamp NULL DEFAULT NULL,
  `updated_at` timestamp NULL DEFAULT NULL
) ENGINE=InnoDB DEFAULT CHARSET=utf8mb4 COLLATE=utf8mb4_unicode_ci;

--
-- Extraindo dados da tabela `pages`
--

INSERT INTO `pages` (`id`, `author_id`, `title`, `excerpt`, `body`, `image`, `slug`, `meta_description`, `meta_keywords`, `status`, `created_at`, `updated_at`) VALUES
(2, 1, 'Fim da URSS', 'O colapso da União Soviética resultou no fim da Guerra Fria, e inaugurou uma nova fase no cenário internacional', '<p dir=\"ltr\" style=\"line-height: 1.38; text-align: justify; margin-top: 0pt; margin-bottom: 0pt;\">&nbsp;</p>\r\n<p dir=\"ltr\" style=\"line-height: 1.38; text-align: justify; margin-top: 0pt; margin-bottom: 0pt;\"><span style=\"font-size: 12pt; font-family: Arial; color: #000000; background-color: transparent; font-weight: 400; font-style: normal; font-variant: normal; text-decoration: none; vertical-align: baseline; white-space: pre-wrap;\">A URSS, Uni&atilde;o das Rep&uacute;blicas Sovi&eacute;ticas, foi uma das maiores na&ccedil;&otilde;es do Planeta, e existiu durante o s&eacute;culo XX. Ela era composta por 15 rep&uacute;blicas, e como estado federal estava presente na Europa(oriental) e no norte da &Aacute;sia. Liderou o bloco comunista e foi s&iacute;mbolo mundial do socialismo, a URSS &eacute; de grande import&acirc;ncia hist&oacute;rica.</span></p>\r\n<p><strong id=\"docs-internal-guid-5d1959c7-7fff-c2b3-7eb1-9f7a75efbb30\" style=\"font-weight: normal;\">&nbsp;</strong></p>\r\n<p dir=\"ltr\" style=\"line-height: 1.38; text-align: justify; margin-top: 0pt; margin-bottom: 0pt;\"><img src=\"http://localhost:8000/storage/pages/March2021/URSSVerificar.jpg\" alt=\"\" /></p>\r\n<p class=\"mapa-description\" dir=\"ltr\" style=\"line-height: 1.38; margin-top: 0pt; margin-bottom: 0pt; text-align: left; padding-left: 200px;\">Mapa da Uni&atilde;o Sovi&eacute;tica</p>\r\n<p><strong style=\"font-weight: normal;\">&nbsp;</strong></p>\r\n<p dir=\"ltr\" style=\"line-height: 1.38; text-align: justify; margin-top: 0pt; margin-bottom: 0pt;\"><span style=\"font-size: 12pt; font-family: Arial; color: #000000; background-color: transparent; font-weight: 400; font-style: normal; font-variant: normal; text-decoration: none; vertical-align: baseline; white-space: pre-wrap;\">Contudo o que nos importa &eacute; discutir sua presen&ccedil;a na Guerra Fria, mais precisamente no fim da Guerra Fria que veio a ocorrer com o fim da pr&oacute;pria URSS. Dando uma breve relembrada, a Guerra Fria foi uma disputa entre socialismo e capitalismo, tendo a URSS como s&iacute;mbolo socialista e os USA capitalista. Ambos competiam dentro do espa&ccedil;o internacional, sendo justamente as duas pot&ecirc;ncias globais. O in&iacute;cio dessa competi&ccedil;&atilde;o se deu em 1947, e chegou ao fim apenas em 1991, pouco depois da Queda do Muro de Berlim.</span></p>\r\n<p dir=\"ltr\" style=\"line-height: 1.38; text-align: justify; margin-top: 0pt; margin-bottom: 0pt;\">&nbsp;</p>\r\n<p dir=\"ltr\" style=\"line-height: 1.38; text-align: justify; margin-top: 0pt; margin-bottom: 0pt;\"><span style=\"font-size: 12pt; font-family: Arial; color: #000000; background-color: transparent; font-weight: 400; font-style: normal; font-variant: normal; text-decoration: none; vertical-align: baseline; white-space: pre-wrap;\">O desmonte da URSS resultou em um novo cap&iacute;tulo dentro do cen&aacute;rio internacional, ou seja, no mundo. Al&eacute;m do fim da Guerra Fria, a queda da URSS resultou, em certo sentido, na ascens&atilde;o dos EUA como superpot&ecirc;ncia solit&aacute;ria. Sendo assim, n&atilde;o tinha outro bloco, ou pa&iacute;s que pudesse medir for&ccedil;as com os Estados Unidos. E isso gerou, segundo o cientista pol&iacute;tico <a class=\"tooltip-test\" style=\"color: black;\" title=\"Click Aqui\" data-bs-toggle=\"modal\" data-bs-target=\"#staticBackdrop\">Luiz Alberto Moniz Bandeira</a> um desequil&iacute;brio da ordem mundial. Esse desequil&iacute;brio tem como causa principal o fim de um polo de poder que era a presen&ccedil;a da URSS. </span></p>\r\n<div id=\"staticBackdrop\" class=\"modal fade\" tabindex=\"-1\" data-bs-backdrop=\"static\" data-bs-keyboard=\"false\" aria-labelledby=\"staticBackdropLabel\" aria-hidden=\"true\">\r\n<div class=\"modal-dialog\">\r\n<div class=\"modal-content\">\r\n<div class=\"modal-header\">\r\n<h5 id=\"staticBackdropLabel\" class=\"modal-title\">Luiz Alberto Moniz Bandeira</h5>\r\n<button class=\"btn-close\" type=\"button\" data-bs-dismiss=\"modal\" aria-label=\"Close\"></button></div>\r\n<div class=\"modal-body\"><img class=\"img-fluid\" src=\"http://localhost:8000/storage/pages/Bandeira-com-edicao.png\" alt=\"Bandeira foto\" />\r\n<p style=\"text-align: left;\">Foto: Valter Pomar<br />Cientista pol&iacute;tico, historiador e escritor, o professor Luiz Alberto &eacute; um especialista em pol&iacute;tica exterior, um renomado nome brasileiro no campo de produ&ccedil;&otilde;es geopol&iacute;ticas. <br />Saiba Mais</p>\r\n</div>\r\n<div class=\"modal-footer\">&nbsp;</div>\r\n</div>\r\n</div>\r\n</div>\r\n<div class=\"col-sm-10\">\r\n<p dir=\"ltr\" style=\"line-height: 1.38; text-align: justify; margin-top: 0pt; margin-bottom: 0pt;\">&nbsp;</p>\r\n</div>\r\n<p dir=\"ltr\" style=\"line-height: 1.38; text-align: justify; margin-top: 0pt; margin-bottom: 0pt;\"><span style=\"font-size: 12pt; font-family: Arial; color: #000000; background-color: transparent; font-weight: 400; font-style: normal; font-variant: normal; text-decoration: none; vertical-align: baseline; white-space: pre-wrap;\">A dissolu&ccedil;&atilde;o da URSS resultou nesse desequil&iacute;brio, que por sua vez levou aos mais diversos acontecimentos geopol&iacute;ticos que n&oacute;s iremos debater no decorrer do site. Ent&atilde;o, podemos dizer que o fim da Uni&atilde;o Sovi&eacute;tica abriu caminho para os EUA, j&aacute; que n&atilde;o tinham mais a dura presen&ccedil;a da URSS no tabuleiro geopol&iacute;tico. Nas palavras de Bandeira:&nbsp;</span></p>\r\n<p dir=\"ltr\" style=\"line-height: 1.38; margin-left: 72pt; text-align: justify; margin-top: 0pt; margin-bottom: 0pt;\"><span style=\"font-size: 10pt; font-family: Arial; color: #000000; background-color: transparent; font-weight: 400; font-style: normal; font-variant: normal; text-decoration: none; vertical-align: baseline; white-space: pre-wrap;\">A Uni&atilde;o Sovi&eacute;tica, ainda que sob um regime totalit&aacute;rio, representava um polo de poder, um duro baluarte contra a ditadura global, igualmente totalit&aacute;ria, que os Estados Unidos, em nome da democracia, pretendiam implantar, esteada, militar e financeiramente, sobre duas fundamentais pilastras: a OTAN, que integrava os pa&iacute;ses da Europa, subordinando-os &agrave;s diretrizes de Washington; e o privil&eacute;gio da produ&ccedil;&atilde;o de d&oacute;lar, como </span><span style=\"font-size: 10pt; font-family: Arial; color: #000000; background-color: transparent; font-weight: 400; font-style: italic; font-variant: normal; text-decoration: none; vertical-align: baseline; white-space: pre-wrap;\">fiat currency</span><span style=\"font-size: 10pt; font-family: Arial; color: #000000; background-color: transparent; font-weight: 400; font-style: normal; font-variant: normal; text-decoration: none; vertical-align: baseline; white-space: pre-wrap;\">, &uacute;nica moeda mundial de reserva<sup>1</sup>.</span></p>\r\n<p dir=\"ltr\" style=\"line-height: 1.38; text-align: justify; margin-top: 0pt; margin-bottom: 0pt;\"><strong style=\"font-weight: normal;\">&nbsp;</strong></p>\r\n<p dir=\"ltr\" style=\"line-height: 1.38; text-align: justify; margin-top: 0pt; margin-bottom: 0pt;\"><span style=\"background-color: transparent; font-size: 12pt; font-family: Arial; color: #000000; font-variant-numeric: normal; font-variant-east-asian: normal; vertical-align: baseline; white-space: pre-wrap;\">O fim do bloco sovi&eacute;tico abalou de forma estrutural o cen&aacute;rio internacional, grande parte da sua influ&ecirc;ncia, como acordos, rela&ccedil;&otilde;es econ&ocirc;micas, dentre outros diversos aspectos foram dissolvidos. Portanto, um </span><span style=\"background-color: transparent; font-size: 12pt; font-family: Arial; color: #000000; font-style: italic; font-variant-numeric: normal; font-variant-east-asian: normal; vertical-align: baseline; white-space: pre-wrap;\"><span style=\"text-decoration: underline;\"><a title=\"Defini&ccedil;&otilde;es\" data-toggle=\"popover\">vacuum</a></span> </span><span style=\"background-color: transparent; font-size: 12pt; font-family: Arial; color: #000000; font-variant-numeric: normal; font-variant-east-asian: normal; vertical-align: baseline; white-space: pre-wrap;\">surgiu no sistema internacional. Com isso, abriu-se um novo espa&ccedil;o para poss&iacute;veis expans&otilde;es dos projetos internacionais dos EUA. Os Estados Unidos tomaram uma nova posi&ccedil;&atilde;o no tabuleiro geopol&iacute;tico, e passaram a representar o papel de </span><span style=\"background-color: transparent; font-size: 12pt; font-family: Arial; color: #000000; font-style: italic; font-variant-numeric: normal; font-variant-east-asian: normal; vertical-align: baseline; white-space: pre-wrap;\">Hegemon</span><span style=\"background-color: transparent; font-size: 12pt; font-family: Arial; color: #000000; font-variant-numeric: normal; font-variant-east-asian: normal; vertical-align: baseline; white-space: pre-wrap;\">, expandindo sua influ&ecirc;ncia por quase todo o globo, pretendendo preencher esse vazio da Uni&atilde;o Sovi&eacute;tica</span><span style=\"background-color: transparent; font-size: 12pt; font-family: Arial; color: #000000; font-style: italic; font-variant-numeric: normal; font-variant-east-asian: normal; vertical-align: baseline; white-space: pre-wrap;\">.</span></p>\r\n<p dir=\"ltr\" style=\"line-height: 1.38; text-align: justify; margin-top: 0pt; margin-bottom: 0pt;\">&nbsp;</p>\r\n<p><a class=\"btn btn-primary color-collapse\" role=\"button\" href=\"#referencia\" data-bs-toggle=\"collapse\" aria-expanded=\"false\" aria-controls=\"referencia\">Refer&ecirc;ncias</a> <button class=\"btn btn-primary color-collapse\" type=\"button\" data-bs-toggle=\"collapse\" data-bs-target=\"#curadoria\" aria-expanded=\"false\" aria-controls=\"curadoria\">Curadoria</button></p>\r\n<div class=\"row\">\r\n<div class=\"col-12 mb-2\">\r\n<div id=\"referencia\" class=\"collapse multi-collapse \">\r\n<div class=\"card card-body\">1- BANDEIRA, 2018b, p.139</div>\r\n</div>\r\n</div>\r\n<div class=\"col-12\">\r\n<div id=\"curadoria\" class=\"collapse multi-collapse \">\r\n<div class=\"card card-body\">Indica&ccedil;&otilde;es de Leitura: Da guerra fria &agrave; nova ordem mundial. FARIA, R.M; MIRANDA, M.L. S&atilde;o Paulo: Contexto, 2017.</div>\r\n</div>\r\n</div>\r\n</div>', 'pages\\March2021\\4VLaHdOpGo4d62rCp9S7.jpg', 'fim-da-urss', 'URSS', 'URSS', 'ACTIVE', '2021-03-02 21:44:10', '2021-07-29 03:11:25'),
(3, 1, 'Expansão dos EUA', 'A Expansão norte-americana após o fim da União Soviética.', '<p style=\"margin-bottom: 0cm; line-height: 100%;\">&nbsp;</p>\r\n<p dir=\"ltr\" style=\"line-height: 1.2; margin-top: 11pt; margin-bottom: 0pt;\"><span style=\"font-size: 12pt; font-family: Arial; color: #444444; background-color: transparent; font-weight: 400; font-style: normal; font-variant: normal; text-decoration: none; vertical-align: baseline; white-space: pre-wrap;\">Com o fim da Uni&atilde;o Sovi&eacute;tica, os EUA ganharam a Guerra Fria e tomaram o posto de superpot&ecirc;ncia solit&aacute;ria. E somado a isso, houve o chamado vazio geopol&iacute;tico. Que nada mais &eacute; que o fim da influ&ecirc;ncia Sovi&eacute;tica, principalmente sob as rep&uacute;blicas que integravam a URSS, que tiveram que se adaptar ao novo cap&iacute;tulo inaugurado pela vit&oacute;ria dos EUA e o capitalismo.</span></p>\r\n<p dir=\"ltr\" style=\"line-height: 1.2; margin-top: 11pt; margin-bottom: 0pt;\"><span style=\"font-size: 12pt; font-family: Arial; color: #444444; background-color: transparent; font-weight: 400; font-style: normal; font-variant: normal; text-decoration: none; vertical-align: baseline; white-space: pre-wrap;\">O vazio geopol&iacute;tico faz parte da teoria do desequil&iacute;brio internacional gerado pelo desmonte da URSS, esse vazio tornou-se um espa&ccedil;o aberto para expans&atilde;o da influ&ecirc;ncia americana. Que antes era contida pelo bloco sovi&eacute;tico, como abordado anteriormente.</span></p>\r\n<p dir=\"ltr\" style=\"line-height: 1.2; margin-top: 11pt; margin-bottom: 0pt;\"><span style=\"font-size: 12pt; font-family: Arial; color: #444444; background-color: transparent; font-weight: 400; font-style: normal; font-variant: normal; text-decoration: none; vertical-align: baseline; white-space: pre-wrap;\">Essas expans&otilde;es no vazio geopol&iacute;tico, podem soar de maneira negativa, por&eacute;m n&atilde;o s&atilde;o necessariamente negativas. Uma expans&atilde;o pode significar uma alian&ccedil;a, forma&ccedil;&atilde;o de um bloco, projetos de colabora&ccedil;&atilde;o, meios de aproxima&ccedil;&atilde;o que os EUA fizeram com muitos pa&iacute;ses que um dia pertenceram &agrave; Uni&atilde;o Sovi&eacute;tica.</span></p>\r\n<p dir=\"ltr\" style=\"line-height: 1.2; margin-top: 11pt; margin-bottom: 0pt;\"><span style=\"font-size: 12pt; font-family: Arial; color: #444444; background-color: transparent; font-weight: 400; font-style: normal; font-variant: normal; text-decoration: none; vertical-align: baseline; white-space: pre-wrap;\">Tendo em vista essa nova posi&ccedil;&atilde;o dos Estados Unidos, alguns te&oacute;ricos come&ccedil;aram a se questionar se foi uma vit&oacute;ria certa, ou algo moment&acirc;neo. Em termos mais t&eacute;cnicos, uma Unipolaridade ou apenas um intervalo para uma Multipolaridade. Em uma unipolaridade h&aacute; apenas um grande poder/pa&iacute;s, j&aacute; em uma multipolaridade h&aacute; v&aacute;rios poderes/pa&iacute;ses<sup>1</sup></span><span style=\"background-color: transparent; font-family: Arial; font-size: 12pt; white-space: pre-wrap;\">.</span></p>\r\n<p style=\"margin-bottom: 0cm; line-height: 100%;\">&nbsp;</p>\r\n<p style=\"font-variant-numeric: normal; font-variant-east-asian: normal;\"><img src=\"http://localhost:8000/storage/pages/June2021/mapa-cortadi.png\" alt=\"\" width=\"500\" height=\"666\" /></p>\r\n<p style=\"font-variant-numeric: normal; font-variant-east-asian: normal;\">Fonte:&nbsp;Revista Super Interessante, n. 399, p. 13, fev/2019.</p>\r\n<p dir=\"ltr\" style=\"line-height: 1.2; margin-top: 11pt; margin-bottom: 0pt;\"><span id=\"docs-internal-guid-e7b6de8f-7fff-39e4-bad7-ee0c8f3ef67d\"><span style=\"font-size: 12pt; font-family: Arial; background-color: transparent; font-variant-numeric: normal; font-variant-east-asian: normal; vertical-align: baseline; white-space: pre-wrap;\">N&atilde;o ficou claro naquele momento, e apenas atualmente podemos dizer mais precisamente qual interpreta&ccedil;&atilde;o &eacute; mais prov&aacute;vel. O que pode-se dizer &eacute; que os Estados Unidos ficaram por muito tempo em uma posi&ccedil;&atilde;o importante, a de<em> Hegemon</em>, ou pelo menos, o mais perto do que seria um estado hegem&ocirc;nico.</span></span></p>\r\n<p dir=\"ltr\" style=\"line-height: 1.2; margin-top: 11pt; margin-bottom: 0pt;\"><span style=\"font-size: 12pt; font-family: Arial; background-color: transparent; font-variant-numeric: normal; font-variant-east-asian: normal; vertical-align: baseline; white-space: pre-wrap;\">O <em>Hegemon</em>, de forma simplificada, &eacute; o centro do poder, onde v&aacute;rias ocasi&otilde;es e decis&otilde;es s&atilde;o tomadas. Sua influ&ecirc;ncia &eacute; a mais forte dentro do espa&ccedil;o internacional. Essa &eacute;, de certa froma, a posi&ccedil;&atilde;o americana. Isso porque diversos acontecimentos levaram os Estados Unidos a terem que dividir cada vez mais seu <em>status</em> de <em>hegemon</em>.</span></p>\r\n<p dir=\"ltr\" style=\"line-height: 1.2; margin-top: 11pt; margin-bottom: 0pt;\">&nbsp;</p>\r\n<p><a class=\"btn btn-primary color-collapse\" role=\"button\" href=\"#referencia\" data-bs-toggle=\"collapse\" aria-expanded=\"false\" aria-controls=\"referencia\">Refer&ecirc;ncias</a> <button class=\"btn btn-primary color-collapse\" type=\"button\" data-bs-toggle=\"collapse\" data-bs-target=\"#curadoria\" aria-expanded=\"false\" aria-controls=\"curadoria\">Curadoria</button></p>\r\n<div class=\"row\">\r\n<div class=\"col-12 mb-2\">\r\n<div id=\"referencia\" class=\"collapse multi-collapse \">\r\n<div class=\"card card-body\">1- FERNANDES, Ricardo Cabral. Os Estados Unidos e a transi&ccedil;&atilde;o para a multipolaridade: a crise na Ucr&acirc;nia. Rela&ccedil;&otilde;es Internacionais (R: I), n. 45, p. 25-43, 2015.</div>\r\n</div>\r\n</div>\r\n<div class=\"col-12\">\r\n<div id=\"curadoria\" class=\"collapse multi-collapse \">\r\n<div class=\"card card-body\">Indica&ccedil;&otilde;es de Leitura: A nova geopol&iacute;tica das na&ccedil;&otilde;es e o lugar da R&uacute;ssia, China, &Iacute;ndia, Brasil e &Aacute;frica do Sul. FIORI, Jos&eacute; Lu&iacute;s.OIKOS (Rio de Janeiro), v. 6, n. 2, 2007. - Em especial o cap&iacute;tulo \"O poder global dos Estados Unidos\".</div>\r\n<div class=\"card card-body\">BANDEIRA, L.A.M. A segunda guerra fria: geopol&iacute;tica e dimens&atilde;o estrat&eacute;gica dos Estados Unidos &ndash; Das rebeli&otilde;es da Eur&aacute;sia &agrave; &Aacute;frica do Norte e ao Oriente M&eacute;dio. Rio de Janeiro: Civiliza&ccedil;&atilde;o Brasileira, 2018. - Em especial o Cap&iacute;tulo II.</div>\r\n</div>\r\n</div>\r\n</div>', 'pages\\March2021\\4HP7X3I7Z0TA0RRmskyp.jpg', 'expansao-eua', 'USA', 'USA', 'ACTIVE', '2021-03-02 23:09:29', '2021-07-29 04:12:07'),
(4, 1, 'Porque se Expandir?', 'Entenda o porque da Expansão Americana', '<p dir=\"ltr\" style=\"line-height: 1.38; margin-top: 11pt; margin-bottom: 11pt;\"><span style=\"font-size: 12pt; font-family: Arial; color: #000000; background-color: transparent; font-weight: 400; font-style: normal; font-variant: normal; text-decoration: none; vertical-align: baseline; white-space: pre-wrap;\">Porque se expandir? Porque os EUA fazem o que diversos estados hegem&ocirc;nicos fizeram durante seu auge? Jos&eacute; Luiz Fiori, ao refletir sobre essa quest&atilde;o cita Nobert Elias, soci&oacute;logo alem&atilde;o, ao dizer &ldquo;quem n&atilde;o sobe, cai&rdquo;.&nbsp;</span></p>\r\n<p dir=\"ltr\" style=\"line-height: 1.38; margin-top: 11pt; margin-bottom: 11pt;\"><span style=\"font-size: 12pt; font-family: Arial; color: #000000; background-color: transparent; font-weight: 400; font-style: normal; font-variant: normal; text-decoration: none; vertical-align: baseline; white-space: pre-wrap;\">Essa resposta explica o expansionismo americano. De forma mais clara, h&aacute; pa&iacute;ses com maiores vantagens, como recursos naturais, posi&ccedil;&otilde;es estrat&eacute;gicas, e principalmente influ&ecirc;ncia regional.&nbsp;</span></p>\r\n<p dir=\"ltr\" style=\"line-height: 1.38; margin-top: 11pt; margin-bottom: 11pt;\"><span style=\"font-size: 12pt; font-family: Arial; color: #000000; background-color: transparent; font-weight: 400; font-style: normal; font-variant: normal; text-decoration: none; vertical-align: baseline; white-space: pre-wrap;\">Por exemplo, a R&uacute;ssia h&aacute; muito &eacute; uma pot&ecirc;ncia local e atualmente tem grande for&ccedil;a internacional, podendo interferir diretamente em vota&ccedil;&otilde;es na ONU, participar de decis&otilde;es internacionais. A China &eacute; outro importante exemplo, sendo a segunda maior economia do mundo, e possuindo tanta influ&ecirc;ncia quanto os EUA e a R&uacute;ssia.&nbsp;</span></p>\r\n<p dir=\"ltr\" style=\"line-height: 1.38; margin-top: 11pt; margin-bottom: 11pt;\"><span style=\"font-size: 12pt; font-family: Arial; color: #000000; background-color: transparent; font-weight: 400; font-style: normal; font-variant: normal; text-decoration: none; vertical-align: baseline; white-space: pre-wrap;\">Dessa maneira, n&atilde;o se expandir resultaria em abrir brechas para poss&iacute;veis expans&otilde;es alheias.&nbsp; Por isso a frase &ldquo;quem n&atilde;o sobe, cai&rdquo;. Os EUA t&ecirc;m declaradamente isso em vista, desde sua vit&oacute;ria na Guerra Fria. Nesse sentido, o projeto de defesa dos EUA para com poss&iacute;veis poderes rivais segue exatamente nesta l&oacute;gica. </span><span style=\"background-color: transparent; color: #000000; font-family: Arial; font-size: 12pt; white-space: pre-wrap;\">Uma defesa que foge do imagin&aacute;rio e se apresenta como expans&atilde;o, corroborando com a interpreta&ccedil;&atilde;o de Fiori.</span></p>\r\n<p dir=\"ltr\" style=\"line-height: 1.38; margin-top: 11pt; margin-bottom: 11pt;\"><span style=\"font-size: 12pt; font-family: Arial; color: #000000; background-color: transparent; font-weight: 400; font-style: normal; font-variant: normal; text-decoration: none; vertical-align: baseline; white-space: pre-wrap;\">Colin Powell, enquanto chefe do Estado-Maior Conjunto das For&ccedil;as Armadas no governo do presidente George H. W. Bush, recomendou que o governo preservasse a &ldquo;capacidade cred&iacute;vel de evitar que qualquer advers&aacute;rio em potencial compita militarmente&rdquo;<sup>1</sup>. Al&eacute;m disso, apontou para as For&ccedil;as Armadas dos pa&iacute;ses da Am&eacute;rica Latina as suas novas miss&otilde;es, que eram: </span></p>\r\n<p dir=\"ltr\" style=\"line-height: 1.38; margin-left: 72pt; text-align: justify; margin-top: 0pt; margin-bottom: 0pt;\"><span style=\"font-size: 10pt; font-family: Arial; color: #000000; background-color: transparent; font-weight: 400; font-style: normal; font-variant: normal; text-decoration: none; vertical-align: baseline; white-space: pre-wrap;\">manter apenas as capacidades militares necess&aacute;rias para a autodefesa e compromissos de alian&ccedil;a, esfor&ccedil;os de combate ao narcotr&aacute;fico, socorro em desastres, for&ccedil;as internacionais de manuten&ccedil;&atilde;o da paz e referentes a suas leis e constitui&ccedil;&otilde;es e outras miss&otilde;es, com os princ&iacute;pios da Organiza&ccedil;&atilde;o dos Estados Americanos (OEA) e a Carta das Na&ccedil;&otilde;es Unidas.<sup>2</sup></span></p>\r\n<p dir=\"ltr\" style=\"line-height: 1.38; margin-left: 72pt; text-align: justify; margin-top: 0pt; margin-bottom: 0pt;\">&nbsp;</p>\r\n<p dir=\"ltr\" style=\"line-height: 1.38; margin-top: 11pt; margin-bottom: 11pt;\"><span style=\"font-size: 12pt; font-family: Arial; color: #000000; background-color: transparent; font-weight: 400; font-style: normal; font-variant: normal; text-decoration: none; vertical-align: baseline; white-space: pre-wrap;\">Portanto, &eacute; necess&aacute;rio levar essa l&oacute;gica estadunidense em conta quando posta em an&aacute;lise suas movimenta&ccedil;&otilde;es no tabuleiro geopol&iacute;tico. J&aacute; que desde o fim da Guerra Fria, Washington assume uma posi&ccedil;&atilde;o que visa a manuten&ccedil;&atilde;o do seu poder, que cada vez mais est&aacute; em cheque. </span></p>\r\n<p dir=\"ltr\" style=\"line-height: 1.38; text-align: justify; margin-top: 0pt; margin-bottom: 0pt;\">&nbsp;</p>\r\n<p><a class=\"btn btn-primary color-collapse\" role=\"button\" href=\"#referencia\" data-bs-toggle=\"collapse\" aria-expanded=\"false\" aria-controls=\"referencia\">Refer&ecirc;ncias</a> <button class=\"btn btn-primary color-collapse\" type=\"button\" data-bs-toggle=\"collapse\" data-bs-target=\"#curadoria\" aria-expanded=\"false\" aria-controls=\"curadoria\">Curadoria</button></p>\r\n<div class=\"row\">\r\n<div class=\"col-12 mb-2\">\r\n<div id=\"referencia\" class=\"collapse multi-collapse \">\r\n<div class=\"card card-body\">1- POWELL,1992, tradu&ccedil;&atilde;o nossa.</div>\r\n<div class=\"card card-body\">2- Ibidem.</div>\r\n</div>\r\n</div>\r\n<div class=\"col-12\">\r\n<div id=\"curadoria\" class=\"collapse multi-collapse \">\r\n<div class=\"card card-body\">Indica&ccedil;&otilde;es de Leitura: A desordem mundial: o espectro da total domina&ccedil;&atilde;o - Guerras por procura&ccedil;&otilde;es, terror, caos e cat&aacute;strofes humanit&aacute;rias. BANDEIRA, L.A.M. Rio de Janeiro: Civiliza&ccedil;&atilde;o Brasileira, 2018. - Em especial o cap&iacute;tulo V.</div>\r\n</div>\r\n</div>\r\n</div>', 'pages\\March2021\\0df6yfJE3maYZB4NqwHQ.jpg', 'porque-se-expandir', 'USA', 'USA', 'ACTIVE', '2021-03-17 23:58:14', '2021-07-29 22:15:48');
INSERT INTO `pages` (`id`, `author_id`, `title`, `excerpt`, `body`, `image`, `slug`, `meta_description`, `meta_keywords`, `status`, `created_at`, `updated_at`) VALUES
(5, 1, 'Regime Change', 'Uma técnica de \"defesa\" incomum, mas que se adequa ao pós-Guerra Fria.', '<p dir=\"ltr\" style=\"line-height: 1.38; margin-top: 11pt; margin-bottom: 11pt;\"><span style=\"font-size: 12pt; font-family: Arial; color: #000000; background-color: transparent; font-weight: 400; font-style: normal; font-variant: normal; text-decoration: none; vertical-align: baseline; white-space: pre-wrap;\"><em>Regime Change</em>, ou ainda, mudan&ccedil;a de regime em uma tradu&ccedil;&atilde;o para o portugu&ecirc;s, diz respeito a uma t&eacute;cnica de guerra fria, complexa e <span style=\"text-decoration: underline;\"><a title=\"Nesse Contexto:\" data-toggle=\"popover2\">multifacetada</a></span> , que tem extrema import&acirc;ncia ao se falar da segunda guerra fria.&nbsp;</span></p>\r\n<p dir=\"ltr\" style=\"line-height: 1.38; margin-top: 11pt; margin-bottom: 11pt;\"><span style=\"font-size: 12pt; font-family: Arial; color: #000000; background-color: transparent; font-weight: 400; font-style: normal; font-variant: normal; text-decoration: none; vertical-align: baseline; white-space: pre-wrap;\">A regime change &eacute; estudada a fundo por <a class=\"tooltip-test\" style=\"color: black;\" title=\"Click Aqui\" data-bs-toggle=\"modal\" data-bs-target=\"#staticBackdrop\">Bandeira</a>, justamente por ser uma t&eacute;cnica muito utilizada pelos EUA, a mesma ainda pode ser considerada uma das pilastras da l&oacute;gica de defesa de Washington, que como abordado, se mostra mais ofensiva do que defensiva.&nbsp;</span></p>\r\n<div id=\"staticBackdrop\" class=\"modal fade\" tabindex=\"-1\" data-bs-backdrop=\"static\" data-bs-keyboard=\"false\" aria-labelledby=\"staticBackdropLabel\" aria-hidden=\"true\">\r\n<div class=\"modal-dialog\">\r\n<div class=\"modal-content\">\r\n<div class=\"modal-header\">\r\n<h5 id=\"staticBackdropLabel\" class=\"modal-title\">Luiz Alberto Moniz Bandeira</h5>\r\n<button class=\"btn-close\" type=\"button\" data-bs-dismiss=\"modal\" aria-label=\"Close\"></button></div>\r\n<div class=\"modal-body\"><img class=\"img-fluid\" src=\"http://localhost:8000/storage/pages/Bandeira-com-edicao.png\" alt=\"Bandeira foto\" />\r\n<p style=\"text-align: justify!important;\">Foto: Valter Pomar<br />Cientista pol&iacute;tico, historiador e escritor, o professor Luiz Alberto &eacute; um especialista em pol&iacute;tica exterior, um renomado nome&nbsp;brasileiro no campo de produ&ccedil;&otilde;es geopol&iacute;ticas. <br />Saiba Mais</p>\r\n</div>\r\n<div class=\"modal-footer\">&nbsp;</div>\r\n</div>\r\n</div>\r\n</div>\r\n<p dir=\"ltr\" style=\"line-height: 1.7999999999999998; text-align: justify; margin-top: 0pt; margin-bottom: 8pt;\"><span style=\"font-size: 12pt; font-family: Arial; color: #000000; background-color: transparent; font-weight: 400; font-style: normal; font-variant: normal; text-decoration: none; vertical-align: baseline; white-space: pre-wrap;\">Como o nome da cabo, o objetivo da t&eacute;cnica &eacute; instaurar uma mudan&ccedil;a de regime, uma orienta&ccedil;&atilde;o favor&aacute;vel aos EUA. N&atilde;o diferente do que outras pot&ecirc;ncias realizaram antigamente, a quest&atilde;o est&aacute; no modo a ser feito. Essa mudan&ccedil;a de regime n&atilde;o &eacute; feita de forma <span style=\"text-decoration: underline;\"><a title=\"Deriva de:\" data-toggle=\"popover3\">belicista</a></span>, n&atilde;o recorre ao uso da for&ccedil;a, e sim a insurrei&ccedil;&atilde;o, em termos militares subvers&atilde;o<sup>1</sup>.</span></p>\r\n<p dir=\"ltr\" style=\"line-height: 1.7999999999999998; text-align: justify; margin-top: 0pt; margin-bottom: 8pt;\"><span style=\"font-size: 12pt; font-family: Arial; color: #000000; background-color: transparent; font-weight: 400; font-style: normal; font-variant: normal; text-decoration: none; vertical-align: baseline; white-space: pre-wrap;\">Compreender esse m&eacute;todo de guerra fria &eacute; complexo devido a sua forma multifacetada, sendo mais dif&iacute;cil de identificar do que as guerras diretas, com soldados, armas, etc. &ldquo;Essa estrat&eacute;gia configurava o que o coronel David Galula definira como </span><span style=\"font-size: 12pt; font-family: Arial; color: #000000; background-color: transparent; font-weight: 400; font-style: italic; font-variant: normal; text-decoration: none; vertical-align: baseline; white-space: pre-wrap;\">&ldquo;cold war revolutionary&rdquo;</span><span style=\"font-size: 12pt; font-family: Arial; color: #000000; background-color: transparent; font-weight: 400; font-style: normal; font-variant: normal; text-decoration: none; vertical-align: baseline; white-space: pre-wrap;\">, i.e., atividades de insurg&ecirc;ncia que permaneciam, na maior parte do tempo, dentro da legalidade, sem recorrer &agrave; viol&ecirc;ncia&rdquo;<sup>2.</sup></span></p>\r\n<p><span id=\"docs-internal-guid-5221fadc-7fff-8f58-7a76-05f0609c4e1c\"><span style=\"font-size: 12pt; font-family: Arial; color: #000000; background-color: transparent; font-variant-numeric: normal; font-variant-east-asian: normal; vertical-align: baseline; white-space: pre-wrap;\">Historicamente falando, a </span><span style=\"font-size: 12pt; font-family: Arial; color: #000000; background-color: transparent; font-style: italic; font-variant-numeric: normal; font-variant-east-asian: normal; vertical-align: baseline; white-space: pre-wrap;\">regime change, </span><span style=\"font-size: 12pt; font-family: Arial; color: #000000; background-color: transparent; font-variant-numeric: normal; font-variant-east-asian: normal; vertical-align: baseline; white-space: pre-wrap;\">dentre outros artif&iacute;cios, serviram e servem para instaurar governos favor&aacute;veis a certas pol&iacute;ticas/Estados, bem como nos golpes e ditaduras instauradas pela CIA na Am&eacute;rica Latina, diretamente ou indiretamente apoiadas pelos EUA em seu embate na Guerra Fria. Na &eacute;poca a </span><span style=\"font-size: 12pt; font-family: Arial; color: #000000; background-color: transparent; font-style: italic; font-variant-numeric: normal; font-variant-east-asian: normal; vertical-align: baseline; white-space: pre-wrap;\">regime change</span><span style=\"font-size: 12pt; font-family: Arial; color: #000000; background-color: transparent; font-variant-numeric: normal; font-variant-east-asian: normal; vertical-align: baseline; white-space: pre-wrap;\"> n&atilde;o era adotado como um termo da geopol&iacute;tica, tal como &eacute; hoje. Exemplo claro &eacute; o caso do Brasil e de sua ditadura de 1964, que se d&aacute; justamente quando os EUA temem uma aproxima&ccedil;&atilde;o brasileira da ex-Uni&atilde;o Sovi&eacute;tica: </span></span></p>\r\n<p dir=\"ltr\" style=\"line-height: 1.38; margin-left: 72pt; text-align: justify; margin-top: 0pt; margin-bottom: 0pt;\"><span style=\"font-size: 10pt; font-family: Arial; color: #000000; background-color: transparent; font-weight: 400; font-style: normal; font-variant: normal; text-decoration: none; vertical-align: baseline; white-space: pre-wrap;\">Sabe-se hoje, por meio de documentos encontrados em arquivos norte-americanos, que a embaixada dos Estados Unidos esteve permanentemente ligada &agrave;s pessoas que desferiram o golpe e estava a acionar os dispositivos militares para auxiliar os golpistas, caso necess&aacute;rio<sup>3</sup>.</span></p>\r\n<p dir=\"ltr\" style=\"line-height: 1.38; margin-left: 72pt; text-align: justify; margin-top: 0pt; margin-bottom: 0pt;\">&nbsp;</p>\r\n<p dir=\"ltr\" style=\"line-height: 1.7999999999999998; text-align: justify; margin-top: 0pt; margin-bottom: 0pt;\"><span style=\"font-size: 12pt; font-family: Arial; color: #000000; background-color: transparent; font-weight: 400; font-style: normal; font-variant: normal; text-decoration: none; vertical-align: baseline; white-space: pre-wrap;\">O golpe empregado pelos estadunidenses em outros pa&iacute;ses, visando a mudan&ccedil;a de regime, n&atilde;o &eacute; in&eacute;dito na hist&oacute;ria, do contr&aacute;rio, adv&eacute;m de uma longa matriz que remete &agrave;s conquistas europeias do s&eacute;culo XVI ao XVIII, mudou-se apenas o tom e maneira. Enquanto antigamente as mudan&ccedil;as de regime eram feitas de forma clara e <span style=\"text-decoration: underline;\"><a title=\"Feminino de:\" data-toggle=\"popover3\">b&eacute;lica</a></span>, hoje novos m&eacute;todos de contra-insurg&ecirc;ncia surgem, adequando-se a nossa realidade, mas n&atilde;o alteram o prop&oacute;sito de manter um controle hegem&ocirc;nico.&nbsp;</span></p>\r\n<p dir=\"ltr\" style=\"line-height: 1.7999999999999998; text-align: justify; margin-top: 0pt; margin-bottom: 0pt;\">&nbsp;</p>\r\n<p><span id=\"docs-internal-guid-24c0519f-7fff-194e-2681-63eac3380739\"><span style=\"font-size: 12pt; font-family: Arial; color: #000000; background-color: transparent; font-variant-numeric: normal; font-variant-east-asian: normal; vertical-align: baseline; white-space: pre-wrap;\">Ou seja, os EUA n&atilde;o se diferenciam de outros </span><span style=\"font-size: 12pt; font-family: Arial; color: #000000; background-color: transparent; font-style: italic; font-variant-numeric: normal; font-variant-east-asian: normal; vertical-align: baseline; white-space: pre-wrap;\">hegemon</span><span style=\"font-size: 12pt; font-family: Arial; color: #000000; background-color: transparent; font-variant-numeric: normal; font-variant-east-asian: normal; vertical-align: baseline; white-space: pre-wrap;\"> no que diz respeito a manter o sistema internacional sob suas diretrizes, nem que isso implique em&nbsp; mudar regimes desfavor&aacute;veis a esse objetivo, contudo fazem isso de outra maneira. E tornar-se uma amea&ccedil;a ao </span><span style=\"font-size: 12pt; font-family: Arial; color: #000000; background-color: transparent; font-style: italic; font-variant-numeric: normal; font-variant-east-asian: normal; vertical-align: baseline; white-space: pre-wrap;\">status</span><span style=\"font-size: 12pt; font-family: Arial; color: #000000; background-color: transparent; font-variant-numeric: normal; font-variant-east-asian: normal; vertical-align: baseline; white-space: pre-wrap;\"> de </span><span style=\"text-decoration: underline;\"><a title=\"Do ing&ecirc;s:\" data-toggle=\"popover4\"><span style=\"font-size: 12pt; font-family: Arial; color: #000000; background-color: transparent; font-style: italic; font-variant-numeric: normal; font-variant-east-asian: normal; vertical-align: baseline; white-space: pre-wrap;\">lonely power </span></a></span><span style=\"font-size: 12pt; font-family: Arial; color: #000000; background-color: transparent; font-variant-numeric: normal; font-variant-east-asian: normal; vertical-align: baseline; white-space: pre-wrap;\">dos Estados Unidos &eacute; claramente uma insurg&ecirc;ncia, sendo assim, a </span><span style=\"font-size: 12pt; font-family: Arial; color: #000000; background-color: transparent; font-style: italic; font-variant-numeric: normal; font-variant-east-asian: normal; vertical-align: baseline; white-space: pre-wrap;\">regime change </span><span style=\"font-size: 12pt; font-family: Arial; color: #000000; background-color: transparent; font-variant-numeric: normal; font-variant-east-asian: normal; vertical-align: baseline; white-space: pre-wrap;\">aplica-se como uma t&eacute;cnica de contra-insurg&ecirc;ncia, almejando manter o </span><span style=\"font-size: 12pt; font-family: Arial; color: #000000; background-color: transparent; font-style: italic; font-variant-numeric: normal; font-variant-east-asian: normal; vertical-align: baseline; white-space: pre-wrap;\">lonely power. </span></span></p>\r\n<p><span id=\"docs-internal-guid-23bcfa58-7fff-f2b2-397c-34e24c0241a2\"><span style=\"font-size: 12pt; font-family: Arial; color: #000000; background-color: transparent; font-variant-numeric: normal; font-variant-east-asian: normal; vertical-align: baseline; white-space: pre-wrap;\">Para ficar mais f&aacute;cil compreender o que seria a </span><span style=\"font-size: 12pt; font-family: Arial; color: #000000; background-color: transparent; font-style: italic; font-variant-numeric: normal; font-variant-east-asian: normal; vertical-align: baseline; white-space: pre-wrap;\">regime change</span><span style=\"font-size: 12pt; font-family: Arial; color: #000000; background-color: transparent; font-variant-numeric: normal; font-variant-east-asian: normal; vertical-align: baseline; white-space: pre-wrap;\"> podemos voltar &agrave; &eacute;poca da guerra fria. Segundo Bandeira, foi na Guerra do Afeganist&atilde;o que se desenhou algo que mais tarde se aproxima do m&eacute;todo de </span><span style=\"font-size: 12pt; font-family: Arial; color: #000000; background-color: transparent; font-style: italic; font-variant-numeric: normal; font-variant-east-asian: normal; vertical-align: baseline; white-space: pre-wrap;\">regime change</span><span style=\"font-size: 12pt; font-family: Arial; color: #000000; background-color: transparent; font-variant-numeric: normal; font-variant-east-asian: normal; vertical-align: baseline; white-space: pre-wrap;\">. No Afeganist&atilde;o a manobra adveio de um </span><span style=\"font-size: 12pt; font-family: Arial; color: #000000; background-color: transparent; font-style: italic; font-variant-numeric: normal; font-variant-east-asian: normal; vertical-align: baseline; white-space: pre-wrap;\">finding, </span><span style=\"font-size: 12pt; font-family: Arial; color: #000000; background-color: transparent; font-variant-numeric: normal; font-variant-east-asian: normal; vertical-align: baseline; white-space: pre-wrap;\">assinado pelo presidente Jimmy Carter. Carter tinha como objetivo fornecer atrav&eacute;s da CIA assist&ecirc;ncia encoberta aos </span><span style=\"font-size: 12pt; font-family: Arial; color: #000000; background-color: transparent; font-style: italic; font-variant-numeric: normal; font-variant-east-asian: normal; vertical-align: baseline; white-space: pre-wrap;\">mujahidin<sup>4 </sup></span><span style=\"font-size: 12pt; font-family: Arial; color: #000000; background-color: transparent; font-variant-numeric: normal; font-variant-east-asian: normal; vertical-align: baseline; white-space: pre-wrap;\">afeg&atilde;os, antes da invas&atilde;o da URSS no Afeganist&atilde;o. </span></span></p>\r\n<p><span id=\"docs-internal-guid-38d38837-7fff-2989-c715-11bd222dbaa0\"><span style=\"font-size: 12pt; font-family: Arial; color: #000000; background-color: transparent; font-variant-numeric: normal; font-variant-east-asian: normal; vertical-align: baseline; white-space: pre-wrap;\">A assist&ecirc;ncia ao que viriam a ser os t&atilde;o temidos e combatidos terroristas do talib&atilde;, forneceu impulso no combate &agrave;s tropas sovi&eacute;ticas, &ldquo;com opera&ccedil;&otilde;es de guerra psicol&oacute;gica, possibilitando &agrave; popula&ccedil;&atilde;o o acesso ao r&aacute;dio, instalado em terceiros pa&iacute;ses, como o Paquist&atilde;o, e assim fomentar a insurg&ecirc;ncia contra o governo de Cabul, apoiado por Moscou&rdquo;<sup>5</sup>. <a class=\"tooltip-test\" style=\"color: black;\" title=\"Click Aqui\" data-bs-toggle=\"modal\" data-bs-target=\"#staticBackdrop2\">Zbigniew Brzezinski</a>, ent&atilde;o assessor do presidente Carter, advertiu que o Afeganist&atilde;o poderia transformar-se em um &ldquo;&lsquo;S</span><span style=\"font-size: 12pt; font-family: Arial; color: #000000; background-color: transparent; font-style: italic; font-variant-numeric: normal; font-variant-east-asian: normal; vertical-align: baseline; white-space: pre-wrap;\">oviet Vietnan&rsquo;</span><span style=\"font-size: 12pt; font-family: Arial; color: #000000; background-color: transparent; font-variant-numeric: normal; font-variant-east-asian: normal; vertical-align: baseline; white-space: pre-wrap;\">&rdquo;, o que exigiria &ldquo;&acute;</span><span style=\"font-size: 12pt; font-family: Arial; color: #000000; background-color: transparent; font-style: italic; font-variant-numeric: normal; font-variant-east-asian: normal; vertical-align: baseline; white-space: pre-wrap;\">more money as well as arms shipments to the rebels, and some technical advice&acute; <sup>&rdquo;6</sup></span><span style=\"font-size: 12pt; font-family: Arial; color: #000000; background-color: transparent; font-style: italic; font-variant-numeric: normal; font-variant-east-asian: normal; vertical-align: baseline; white-space: pre-wrap;\">. </span><span style=\"font-size: 12pt; font-family: Arial; color: #000000; background-color: transparent; font-variant-numeric: normal; font-variant-east-asian: normal; vertical-align: baseline; white-space: pre-wrap;\">Como Bandeira relata: </span></span></p>\r\n<div id=\"staticBackdrop2\" class=\"modal fade\" tabindex=\"-1\" data-bs-backdrop=\"static\" data-bs-keyboard=\"false\" aria-labelledby=\"staticBackdropLabel\" aria-hidden=\"true\">\r\n<div class=\"modal-dialog\">\r\n<div class=\"modal-content\">\r\n<div class=\"modal-header\">\r\n<h5 id=\"staticBackdropLabel\" class=\"modal-title\">Zbigniew Brzezinski</h5>\r\n<button class=\"btn-close\" type=\"button\" data-bs-dismiss=\"modal\" aria-label=\"Close\"></button></div>\r\n<div class=\"modal-body\"><img class=\"img-fluid\" style=\"height: 400px;\" src=\"http://localhost:8000/storage/pages/MSC_2014_Brzezinski_Kleinschmidt_MSC2014_(cropped)_2.jpg\" alt=\"Brzezinskifoto\" /> <br /><span style=\"background-color: transparent; color: #000000; font-family: Arial; font-size: 10pt!important; white-space: pre-wrap; text-align: justify;\">Fonte: Tobias Kleinschmidt. </span><a style=\"text-decoration-line: none;\" href=\"https://creativecommons.org/licenses/by-sa/3.0/deed.pt\"><span style=\"background-color: #f8f9fa; color: #575757; font-family: sans-serif; font-size: 10pt!important;\">CC BY-SA 3.0.</span></a><br />\r\n<p style=\"text-align: justify!important;\">Zbigniew Kazimierz Brzezinski foi um geopol&iacute;tico, cientista pol&iacute;tico. Sua principal atua&ccedil;&atilde;o foi como Conselheiro de Seguran&ccedil;a Nacional dos Estados Unidos, entre 1977 e 1981, na presid&ecirc;ncia de Jimmy Carter.</p>\r\n</div>\r\n<div class=\"modal-footer\">&nbsp;</div>\r\n</div>\r\n</div>\r\n</div>\r\n<p dir=\"ltr\" style=\"line-height: 1.38; margin-left: 72pt; text-align: justify; margin-top: 0pt; margin-bottom: 0pt;\"><span style=\"font-size: 10pt; font-family: Arial; color: #000000; background-color: transparent; font-weight: 400; font-style: normal; font-variant: normal; text-decoration: none; vertical-align: baseline; white-space: pre-wrap;\">William J.Casey, quando diretor da CIA, e o ent&atilde;o secret&aacute;rio de Defesa adjunto Frank Carlucci fizeram esfor&ccedil;os para financiar os mujahidin, no Afeganist&atilde;o, com mais de US$ 20 milh&otilde;es por ano, e o programa de financiamento chegou a US$ 630 milh&otilde;es em 1987, ou muito mais.<sup>7 </sup></span></p>\r\n<p dir=\"ltr\" style=\"line-height: 1.38; margin-left: 72pt; text-align: justify; margin-top: 0pt; margin-bottom: 0pt;\">&nbsp;</p>\r\n<p><span id=\"docs-internal-guid-dae57e19-7fff-ccab-519f-9ad922e721aa\"><span style=\"font-size: 12pt; font-family: Arial; color: #000000; background-color: transparent; font-variant-numeric: normal; font-variant-east-asian: normal; vertical-align: baseline; white-space: pre-wrap;\">O intuito dos EUA era o de formar um &ldquo;</span><span style=\"font-size: 12pt; font-family: Arial; color: #000000; background-color: transparent; font-style: italic; font-variant-numeric: normal; font-variant-east-asian: normal; vertical-align: baseline; white-space: pre-wrap;\">green belt</span><span style=\"font-size: 12pt; font-family: Arial; color: #000000; background-color: transparent; font-variant-numeric: normal; font-variant-east-asian: normal; vertical-align: baseline; white-space: pre-wrap;\">&rdquo;, </span><span style=\"font-size: 12pt; font-family: Arial; color: #000000; background-color: transparent; font-style: italic; font-variant-numeric: normal; font-variant-east-asian: normal; vertical-align: baseline; white-space: pre-wrap;\">inter alia,</span><span style=\"font-size: 12pt; font-family: Arial; color: #000000; background-color: transparent; font-variant-numeric: normal; font-variant-east-asian: normal; vertical-align: baseline; white-space: pre-wrap;\"> um cintur&atilde;o isl&acirc;mico, tendo em vista, atrav&eacute;s destes extremistas, conter e desestabilizar os sovi&eacute;ticos, e contou com aux&iacute;lio do Paquist&atilde;o e da Ar&aacute;bia Saudita. Como menciona Bandeira, o pr&oacute;prio ex-ditador do Paquist&atilde;o, Pervez Musharraf, confessou em suas mem&oacute;rias &ldquo;</span><span style=\"font-size: 12pt; font-family: Arial; color: #000000; background-color: transparent; font-style: italic; font-variant-numeric: normal; font-variant-east-asian: normal; vertical-align: baseline; white-space: pre-wrap;\">we-the United States, Pakistan, Saudi Arabia, and all those who were allied with us in Afghan jihad-created our own Frankenstein monster&rdquo;<sup>8</sup></span><span style=\"font-size: 12pt; font-family: Arial; color: #000000; background-color: transparent; font-variant-numeric: normal; font-variant-east-asian: normal; vertical-align: baseline; white-space: pre-wrap;\">. </span></span></p>\r\n<p><span id=\"docs-internal-guid-71517575-7fff-9922-7bf4-aac2ab5cdb01\"><span style=\"font-size: 12pt; font-family: Arial; color: #000000; background-color: transparent; font-variant-numeric: normal; font-variant-east-asian: normal; vertical-align: baseline; white-space: pre-wrap;\">&Eacute; primordial que se destrince de forma clara e exemplificativa a </span><span style=\"font-size: 12pt; font-family: Arial; color: #000000; background-color: transparent; font-style: italic; font-variant-numeric: normal; font-variant-east-asian: normal; vertical-align: baseline; white-space: pre-wrap;\">regime change </span><span style=\"font-size: 12pt; font-family: Arial; color: #000000; background-color: transparent; font-variant-numeric: normal; font-variant-east-asian: normal; vertical-align: baseline; white-space: pre-wrap;\">para compreender o modo que se tra&ccedil;a uma guerra fria, j&aacute; que essa t&eacute;cnica ser&aacute; primordial para o decorrer do entendimento da segunda guerra fria.</span></span></p>\r\n<p><span style=\"font-size: 12pt; font-family: Arial; color: #000000; background-color: transparent; font-weight: 400; font-style: normal; font-variant: normal; text-decoration: none; vertical-align: baseline; white-space: pre-wrap;\">Contudo, ap&oacute;s essa an&aacute;lise, &eacute; necess&aacute;rio questionar o porqu&ecirc; dos EUA lan&ccedil;arem m&atilde;o da t&eacute;cnica de</span><span style=\"font-size: 12pt; font-family: Arial; color: #000000; background-color: transparent; font-weight: 400; font-style: italic; font-variant: normal; text-decoration: none; vertical-align: baseline; white-space: pre-wrap;\"> regime change </span><span style=\"font-size: 12pt; font-family: Arial; color: #000000; background-color: transparent; font-weight: 400; font-style: normal; font-variant: normal; text-decoration: none; vertical-align: baseline; white-space: pre-wrap;\">na fase atual do tabuleiro geopol&iacute;tico, tendo em vista sua clara vantagem pol&iacute;tica, <span style=\"text-decoration: underline;\"><a title=\"Feminino de:\" data-toggle=\"popover3\">b&eacute;lica</a></span>, e econ&ocirc;mica. De fato, o m&eacute;todo permanece o mesmo, por&eacute;m, o motivo n&atilde;o. Anteriormente a t&eacute;cnica foi aplicada com o intuito de inclinar a balan&ccedil;a geopol&iacute;tica para o polo norte-americano, evitando uma vantagem para os sovi&eacute;ticos e, da mesma maneira, foi utilizada como m&eacute;todo de contra-insurg&ecirc;ncia, justamente o cen&aacute;rio da Guerra Fria. </span></p>\r\n<p><span style=\"font-size: 12pt; font-family: Arial; color: #000000; background-color: transparent; font-weight: 400; font-style: normal; font-variant: normal; text-decoration: none; vertical-align: baseline; white-space: pre-wrap;\">Posterior ao colapso da URSS, a t&eacute;cnica de regime change apresenta-se como </span><span style=\"text-decoration: underline;\"><a title=\"Do latim:\" data-toggle=\"popover5\"><span style=\"font-size: 12pt; font-family: Arial; color: #000000; background-color: transparent; font-style: italic; font-variant-numeric: normal; font-variant-east-asian: normal; vertical-align: baseline; white-space: pre-wrap;\">modus operandi </span></a></span><span style=\"font-size: 12pt; font-family: Arial; color: #000000; background-color: transparent; font-weight: 400; font-style: normal; font-variant: normal; text-decoration: none; vertical-align: baseline; white-space: pre-wrap;\">expansionista dos EUA, em que o mesmo aplica-a como forma de manter-se na sua posi&ccedil;&atilde;o de </span><span style=\"font-size: 12pt; font-family: Arial; color: #000000; background-color: transparent; font-weight: 400; font-style: italic; font-variant: normal; text-decoration: none; vertical-align: baseline; white-space: pre-wrap;\">hegemon, </span><span style=\"font-size: 12pt; font-family: Arial; color: #000000; background-color: transparent; font-weight: 400; font-style: normal; font-variant: normal; text-decoration: none; vertical-align: baseline; white-space: pre-wrap;\">posi&ccedil;&atilde;o essa que implica em constante expans&atilde;o, din&acirc;mica explicada por Fiori, exatamente o cen&aacute;rio da segunda guerra fria. Ou seja, a t&eacute;cnica de </span><span style=\"font-size: 12pt; font-family: Arial; color: #000000; background-color: transparent; font-weight: 400; font-style: italic; font-variant: normal; text-decoration: none; vertical-align: baseline; white-space: pre-wrap;\">regime change</span><span style=\"font-size: 12pt; font-family: Arial; color: #000000; background-color: transparent; font-weight: 400; font-style: normal; font-variant: normal; text-decoration: none; vertical-align: baseline; white-space: pre-wrap;\"> espelha a posi&ccedil;&atilde;o de Washington em diferentes espa&ccedil;o-tempo, e sua atual imagem reflete a segunda guerra fria.</span></p>\r\n<p><span style=\"font-size: 12pt; font-family: Arial; color: #000000; background-color: transparent; font-weight: 400; font-style: normal; font-variant: normal; text-decoration: none; vertical-align: baseline; white-space: pre-wrap;\">Essa guerra fria 2.0, diferente da primeira, possui um n&uacute;mero maior de vari&aacute;veis e protagonistas. Onde a expans&atilde;o estadunidense se choca com zonas de influ&ecirc;ncia de outros pa&iacute;ses, gerando complexos conflitos geopol&iacute;ticos que podem inicialmente parecer desconexos desse quadro internacional. Outro fator que agrava esse embate internacional &eacute; a ascens&atilde;o, no caso da R&uacute;ssia recupera&ccedil;&atilde;o, de alguns pa&iacute;ses no tabuleiro geopol&iacute;tico, como a China, intensificando as medidas estadunidenses. </span></p>\r\n<p>&nbsp;</p>\r\n<p><a class=\"btn btn-primary color-collapse\" role=\"button\" href=\"#referencia\" data-bs-toggle=\"collapse\" aria-expanded=\"false\" aria-controls=\"referencia\">Refer&ecirc;ncias</a> <button class=\"btn btn-primary color-collapse\" type=\"button\" data-bs-toggle=\"collapse\" data-bs-target=\"#curadoria\" aria-expanded=\"false\" aria-controls=\"curadoria\">Curadoria</button></p>\r\n<div class=\"row\">\r\n<div class=\"col-12 mb-2\">\r\n<div id=\"referencia\" class=\"collapse multi-collapse \">\r\n<div class=\"card card-body\">1- Bandeira, partindo das an&aacute;lises do professor Gene Sharp, explicou que: &ldquo;a luta n&atilde;o violenta &eacute; mais complexa e travada por v&aacute;rios meios, tais como a guerra psicol&oacute;gica, social, econ&ocirc;mica e pol&iacute;tica, aplicados pela popula&ccedil;&atilde;o e pelas institui&ccedil;&otilde;es da sociedade&rdquo; (BANDEIRA, 2018b,108).</div>\r\n<div class=\"card card-body\">2- BANDEIRA, 2018a, 108.</div>\r\n<div class=\"card card-body\">3- FARIA e MIRANDA, 2003, p.67.</div>\r\n<div class=\"card card-body\">4- Os mujahidin s&atilde;o considerados &ldquo;guerreiros santos&rdquo;, em uma tradu&ccedil;&atilde;o direta &ldquo;combatente&rdquo;.</div>\r\n<div class=\"card card-body\">5- BANDEIRA, 2018a, p.35.</div>\r\n<div class=\"card card-body\">6- BANDEIRA, 2018a, p.36.</div>\r\n<div class=\"card card-body\">7- Ibidem.</div>\r\n<div class=\"card card-body\">8- BANDEIRA,2018a,p.37.</div>\r\n</div>\r\n</div>\r\n<div class=\"col-12\">\r\n<div id=\"curadoria\" class=\"collapse multi-collapse \">\r\n<div class=\"card card-body\">Indica&ccedil;&otilde;es de Leitura: BANDEIRA, L.A.M. A segunda guerra fria: geopol&iacute;tica e dimens&atilde;o estrat&eacute;gica dos Estados Unidos &ndash; Das rebeli&otilde;es da Eur&aacute;sia &agrave; &Aacute;frica do Norte e ao Oriente M&eacute;dio. Rio de Janeiro: Civiliza&ccedil;&atilde;o Brasileira, 2018. - Cap&iacute;tulo V.</div>\r\n<div class=\"card card-body\">A desordem mundial: o espectro da total domina&ccedil;&atilde;o - Guerras por procura&ccedil;&otilde;es, terror, caos e cat&aacute;strofes humanit&aacute;rias. BANDEIRA, L.A.M. Rio de Janeiro: Civiliza&ccedil;&atilde;o Brasileira, 2018. - Em especial o cap&iacute;tulo 15.</div>\r\n</div>\r\n</div>\r\n</div>', 'pages\\March2021\\ONW3XztfHibbA3jiVhTc.jpg', 'regime-change', 'USA', 'USA', 'ACTIVE', '2021-03-23 17:07:01', '2021-07-29 22:16:31'),
(6, 1, 'A Ucrânia como palco da Segunda Guerra Fria', 'Ucrânia dentro de um triângulo geopolítico complexo, com duas potências que a enxergam como estratégica.', '<p><span id=\"docs-internal-guid-12ea2e4d-7fff-4c38-e49c-5b7057f0f9ab\"><span style=\"font-size: 12pt; font-family: Arial; color: #000000; background-color: transparent; font-variant-numeric: normal; font-variant-east-asian: normal; vertical-align: baseline; white-space: pre-wrap;\">A Ucr&acirc;nia, pa&iacute;s localizado no leste europeu, h&aacute; muito tempo demonstra notoriedade quando se trata de economia e geopol&iacute;tica no chamado </span><span style=\"font-size: 12pt; font-family: Arial; color: #000000; background-color: transparent; font-style: italic; font-variant-numeric: normal; font-variant-east-asian: normal; vertical-align: baseline; white-space: pre-wrap;\">heartland </span><span style=\"font-size: 12pt; font-family: Arial; color: #000000; background-color: transparent; font-variant-numeric: normal; font-variant-east-asian: normal; vertical-align: baseline; white-space: pre-wrap;\">eurasi&aacute;tico</span><span style=\"font-size: 12pt; font-family: Arial; color: #000000; background-color: transparent; font-style: italic; font-variant-numeric: normal; font-variant-east-asian: normal; vertical-align: baseline; white-space: pre-wrap;\">.</span><span style=\"font-size: 12pt; font-family: Arial; color: #000000; background-color: transparent; font-variant-numeric: normal; font-variant-east-asian: normal; vertical-align: baseline; white-space: pre-wrap;\"> Desde o Imp&eacute;rio Russo at&eacute; a extinta Uni&atilde;o Sovi&eacute;tica, a Ucr&acirc;nia &eacute; considerada uma regi&atilde;o geopoliticamente estrat&eacute;gica, principalmente ap&oacute;s converter-se em um importante centro industrial na segunda metade do s&eacute;culo XIX pelo empres&aacute;rio gal&ecirc;s John James Hughes.</span></span></p>\r\n<p><img src=\"http://localhost:8000/storage/pages/July2021/ucrania_map.png\" alt=\"\" width=\"600\" /></p>\r\n<p class=\"mapa-description\" style=\"text-align: left; padding-left: 240px;\">Mapa da Ucr&acirc;nia.</p>\r\n<p><span id=\"docs-internal-guid-f34cd464-7fff-4159-d277-a3185b1f4a7b\"><span style=\"font-size: 12pt; font-family: Arial; color: #000000; background-color: transparent; font-variant-numeric: normal; font-variant-east-asian: normal; vertical-align: baseline; white-space: pre-wrap;\">A partir de agora vamos buscar percorrer uma linha espa&ccedil;o-temporal da hist&oacute;ria ucraniana recente, partimos dos grandes protestos ucranianos de outubro de 2013 e vamos at&eacute; o atual governo Volodymyr Zelenski</span><span style=\"font-size: 12pt; font-family: Arial; color: #000000; background-color: transparent; font-variant-numeric: normal; font-variant-east-asian: normal; vertical-align: baseline; white-space: pre-wrap;\">. </span></span><span style=\"background-color: transparent; font-size: 12pt; font-family: Arial; color: #000000; font-variant-numeric: normal; font-variant-east-asian: normal; vertical-align: baseline; white-space: pre-wrap;\">Al&eacute;m de nos concentrarmos nos aspectos internos da pol&iacute;tica na Ucr&acirc;nia, nos fundamentamos na tese de <a class=\"tooltip-test\" style=\"color: black;\" title=\"Click Aqui\" data-bs-toggle=\"modal\" data-bs-target=\"#staticBackdrop\">Luiz Alberto Moniz Bandeira (2018) </a> de que a crise ucraniana &eacute; reflexo de um rearranjo geopol&iacute;tico de maior express&atilde;o, que foi nomeado pelo autor como </span><span style=\"background-color: transparent; font-size: 12pt; font-family: Arial; color: #000000; font-style: italic; font-variant-numeric: normal; font-variant-east-asian: normal; vertical-align: baseline; white-space: pre-wrap;\">a segunda guerra fria. </span><span style=\"background-color: transparent; font-size: 12pt; font-family: Arial; color: #000000; font-variant-numeric: normal; font-variant-east-asian: normal; vertical-align: baseline; white-space: pre-wrap;\">Desse modo, vamos aliar os acontecimentos internos ucranianos &agrave; uma dimens&atilde;o internacional,envolvendo todo o contexto explicado anteriormente. </span></p>\r\n<div id=\"staticBackdrop\" class=\"modal fade\" tabindex=\"-1\" data-bs-backdrop=\"static\" data-bs-keyboard=\"false\" aria-labelledby=\"staticBackdropLabel\" aria-hidden=\"true\">\r\n<div class=\"modal-dialog\">\r\n<div class=\"modal-content\">\r\n<div class=\"modal-header\">\r\n<h5 id=\"staticBackdropLabel\" class=\"modal-title\">Luiz Alberto Moniz Bandeira</h5>\r\n<button class=\"btn-close\" type=\"button\" data-bs-dismiss=\"modal\" aria-label=\"Close\"></button></div>\r\n<div class=\"modal-body\"><img class=\"img-fluid\" src=\"http://localhost:8000/storage/pages/Bandeira-com-edicao.png\" alt=\"Bandeira foto\" />\r\n<p style=\"text-align: left;\">Foto: Valter Pomar<br />Cientista pol&iacute;tico, historiador e escritor, o professor Luiz Alberto &eacute; um especialista em pol&iacute;tica exterior, um renomado nome brasileiro no campo de produ&ccedil;&otilde;es geopol&iacute;ticas. <br />Saiba Mais</p>\r\n</div>\r\n<div class=\"modal-footer\">&nbsp;</div>\r\n</div>\r\n</div>\r\n</div>\r\n<p><span id=\"docs-internal-guid-1741107d-7fff-2314-8ecc-34d4d76a4404\"><span style=\"font-size: 12pt; font-family: Arial; color: #000000; background-color: transparent; font-variant-numeric: normal; font-variant-east-asian: normal; vertical-align: baseline; white-space: pre-wrap;\">Em um primeiro momento abordamos a geopol&iacute;tica ucraniana na regi&atilde;o do leste europeu, seguimos certa linearidade cronol&oacute;gica no intuito de organizar a massa de acontecimentos e informa&ccedil;&otilde;es. Ap&oacute;s tal procedimento, procuramos um modelo que seja capaz de organizar um </span><span style=\"text-decoration: underline;\"><a title=\"Nesse contexto:\" data-toggle=\"popover6\"><span style=\"font-size: 12pt; font-family: Arial; color: #000000; background-color: transparent; font-style: italic; font-variant-numeric: normal; font-variant-east-asian: normal; vertical-align: baseline; white-space: pre-wrap;\">t&eacute;los</span></a></span><span style=\"font-size: 12pt; font-family: Arial; color: #000000; background-color: transparent; font-variant-numeric: normal; font-variant-east-asian: normal; vertical-align: baseline; white-space: pre-wrap;\"> para os fen&ocirc;menos em an&aacute;lise, almeja-se relacionar e posicionar o conflito ucraniano em um contexto <span style=\"text-decoration: underline;\"><a title=\"Nesse contexto:\" data-toggle=\"popover7\">macro</a></span> na trama geopol&iacute;tica, da&iacute; ent&atilde;o j&aacute; n&atilde;o necessariamente nos prendemos &agrave; linearidade espa&ccedil;o-temporal.</span></span></p>\r\n<p><span style=\"font-size: 12pt; font-family: Arial; color: #000000; background-color: transparent; font-weight: 400; font-style: normal; font-variant: normal; text-decoration: none; vertical-align: baseline; white-space: pre-wrap;\">Ao final espera-se demonstrar que a segunda guerra fria nasce e se desenvolve como consequ&ecirc;ncia dos desdobramentos da primeira, a cl&aacute;ssica guerra fria do s&eacute;culo XX, apesar da exist&ecirc;ncia de diferen&ccedil;as qualitativas.</span></p>\r\n<p><span style=\"font-size: 12pt; font-family: Arial; color: #000000; background-color: transparent; font-weight: 400; font-style: normal; font-variant: normal; text-decoration: none; vertical-align: baseline; white-space: pre-wrap;\"><span id=\"docs-internal-guid-508c6284-7fff-c774-e3af-e7560b30de8c\"><span style=\"font-size: 12pt; background-color: transparent; font-variant-numeric: normal; font-variant-east-asian: normal; vertical-align: baseline;\">Para tratar da complexidade que envolve a situa&ccedil;&atilde;o ucraniana gostar&iacute;amos de iniciar apontando os aspectos econ&ocirc;micos desse pa&iacute;s da Eur&aacute;sia. Na Ucr&acirc;nia encontram-se vastas minas de carv&atilde;o e ferro. Depois de ser convertida em um importante centro industrial, ainda no come&ccedil;o do s&eacute;culo XX como j&aacute; mencionado, sua relev&acirc;ncia mostrou-se imensa para a Uni&atilde;o Sovi&eacute;tica, e atualmente ainda &eacute; uma regi&atilde;o estrat&eacute;gica para a R&uacute;ssia.</span></span></span></p>\r\n<p><span style=\"font-size: 12pt; font-family: Arial; color: #000000; background-color: transparent; font-weight: 400; font-style: normal; font-variant: normal; text-decoration: none; vertical-align: baseline; white-space: pre-wrap;\"><span id=\"docs-internal-guid-94a5ea68-7fff-2990-f4f6-1c288b71b6a9\"><span style=\"font-size: 12pt; background-color: transparent; font-variant-numeric: normal; font-variant-east-asian: normal; vertical-align: baseline;\">Conforme Moniz Bandeira salienta, o pr&oacute;prio L&ecirc;nin no s&eacute;culo XX afirmou que &ldquo;um dos principais centros industriais&rdquo; da Uni&atilde;o Sovi&eacute;tica se localizava na Bacia do Donets (</span><span style=\"font-size: 12pt; background-color: transparent; font-style: italic; font-variant-numeric: normal; font-variant-east-asian: normal; vertical-align: baseline;\">Donetskyi basein</span><span style=\"font-size: 12pt; background-color: transparent; font-variant-numeric: normal; font-variant-east-asian: normal; vertical-align: baseline;\">) e, que a regi&atilde;o n&atilde;o era inferior em desenvolvimento em rela&ccedil;&atilde;o &agrave;s principais regi&otilde;es capitalistas da Europa Ocidental. Donbass tamb&eacute;m &eacute; definida por St&aacute;lin como um &ldquo;imenso complexo industrial&rdquo; junto &agrave; Bacia de Donets, o que exemplifica a import&acirc;ncia da Ucr&acirc;nia para a R&uacute;ssia desde muito cedo. </span></span></span></p>\r\n<p><span style=\"font-size: 12pt; font-family: Arial; color: #000000; background-color: transparent; font-weight: 400; font-style: normal; font-variant: normal; text-decoration: none; vertical-align: baseline; white-space: pre-wrap;\"><span id=\"docs-internal-guid-8f79d570-7fff-66cd-a3a9-6dbba1f97fc2\"><span style=\"font-size: 12pt; background-color: transparent; font-variant-numeric: normal; font-variant-east-asian: normal; vertical-align: baseline;\">Foi sobretudo durante a Segunda Guerra Mundial que a relev&acirc;ncia estrat&eacute;gica da Ucr&acirc;nia ganhou relevo. Os importantes&nbsp; recursos agr&iacute;colas e minerais, bem como o enorme parque industrial de Donbass, foram decisivos para que Adolf Hitler considerasse indispens&aacute;vel em sua estrat&eacute;gia de vit&oacute;ria o ataque &agrave; regi&atilde;o, e assim o fez, ocorrendo sangrentas batalhas em Donbass na d&eacute;cada de quarenta<sup>1</sup>.</span></span></span></p>\r\n<p><span style=\"background-color: transparent; font-size: 12pt; font-family: Arial; color: #000000; font-variant-numeric: normal; font-variant-east-asian: normal; vertical-align: baseline; white-space: pre-wrap;\">Passado o s&eacute;culo XX podemos dizer que a Ucr&acirc;nia ainda configura uma regi&atilde;o de vital import&acirc;ncia na geopol&iacute;tica contempor&acirc;nea? A resposta &eacute; sim, nas palavras de Bandeira &ldquo;a Ucr&acirc;nia, situada entre a R&uacute;ssia e a Uni&atilde;o Europeia, com tend&ecirc;ncias centr&iacute;fugas, era e &eacute; um </span><span style=\"background-color: transparent; font-size: 12pt; font-family: Arial; color: #000000; font-style: italic; font-variant-numeric: normal; font-variant-east-asian: normal; vertical-align: baseline; white-space: pre-wrap;\">pivot contry</span><span style=\"background-color: transparent; font-size: 12pt; font-family: Arial; color: #000000; font-variant-numeric: normal; font-variant-east-asian: normal; vertical-align: baseline; white-space: pre-wrap;\"> geopol&iacute;tico&rdquo;<sup>2</sup>.</span></p>\r\n<p><span style=\"background-color: transparent; font-size: 12pt; font-family: Arial; color: #000000; font-variant-numeric: normal; font-variant-east-asian: normal; vertical-align: baseline; white-space: pre-wrap;\"><a class=\"tooltip-test\" style=\"color: black;\" title=\"Click Aqui\" data-bs-toggle=\"modal\" data-bs-target=\"#staticBackdrop2\">Zbigniew Brzezinski</a>, ex-assessor de Seguran&ccedil;a Nacional do presidente Jimmy Carter, preponderou que a R&uacute;ssia, sem a Ucr&acirc;nia, deixaria de ser um imp&eacute;rio eurasiano. Na vis&atilde;o do mesmo, a Ucr&acirc;nia poderia estar na Europa sem a R&uacute;ssia, por&eacute;m a R&uacute;ssia n&atilde;o poderia estar na Europa (Ocidental) sem a Ucr&acirc;nia. A R&uacute;ssia sem a Ucr&acirc;nia teria sua fronteira recuada em cerca de 500 milhas para o leste e, junto da reclus&atilde;o geogr&aacute;fica, sofreria a perda de uma potente zona industrial e de f&eacute;rteis &aacute;reas de agricultura. Outrossim, Zbigniew advertiu que os EUA deveriam impedir a R&uacute;ssia de reconquistar o controle da Ucr&acirc;nia, um pa&iacute;s com larga fonte de recursos e acesso ao Mar Negro, do contr&aacute;rio iria permitir-se a restaura&ccedil;&atilde;o do </span><span style=\"background-color: transparent; font-size: 12pt; font-family: Arial; color: #000000; font-style: italic; font-variant-numeric: normal; font-variant-east-asian: normal; vertical-align: baseline; white-space: pre-wrap;\">status</span><span style=\"background-color: transparent; font-size: 12pt; font-family: Arial; color: #000000; font-variant-numeric: normal; font-variant-east-asian: normal; vertical-align: baseline; white-space: pre-wrap;\"> imperial russo na regi&atilde;o. </span></p>\r\n<p><span style=\"background-color: transparent; color: #000000; font-family: Arial; font-size: 12pt; white-space: pre-wrap;\">A prepondera&ccedil;&atilde;o de Zbigniew &eacute; central para entender como a Ucr&acirc;nia se relaciona com os agentes da trama geopol&iacute;tica. </span></p>\r\n<div id=\"staticBackdrop2\" class=\"modal fade\" tabindex=\"-1\" data-bs-backdrop=\"static\" data-bs-keyboard=\"false\" aria-labelledby=\"staticBackdropLabel\" aria-hidden=\"true\">\r\n<div class=\"modal-dialog\">\r\n<div class=\"modal-content\">\r\n<div class=\"modal-header\">\r\n<h5 id=\"staticBackdropLabel\" class=\"modal-title\">Zbigniew Brzezinski</h5>\r\n<button class=\"btn-close\" type=\"button\" data-bs-dismiss=\"modal\" aria-label=\"Close\"></button></div>\r\n<div class=\"modal-body\"><img class=\"img-fluid\" style=\"height: 400px;\" src=\"http://localhost:8000/storage/pages/MSC_2014_Brzezinski_Kleinschmidt_MSC2014_(cropped)_2.jpg\" alt=\"Brzezinskifoto\" /> <br /><span style=\"background-color: transparent; color: #000000; font-family: Arial; font-size: 10pt!important; white-space: pre-wrap; text-align: justify;\">Fonte: Tobias Kleinschmidt. </span><a style=\"text-decoration-line: none;\" href=\"https://creativecommons.org/licenses/by-sa/3.0/deed.pt\"><span style=\"background-color: #f8f9fa; color: #575757; font-family: sans-serif; font-size: 10pt!important;\">CC BY-SA 3.0.</span></a><br />\r\n<p style=\"text-align: justify!important;\">Zbigniew Kazimierz Brzezinski foi um geopol&iacute;tico, cientista pol&iacute;tico. Sua principal atua&ccedil;&atilde;o foi como Conselheiro de Seguran&ccedil;a Nacional dos Estados Unidos, entre 1977 e 1981, na presid&ecirc;ncia de Jimmy Carter.</p>\r\n</div>\r\n<div class=\"modal-footer\">&nbsp;</div>\r\n</div>\r\n</div>\r\n</div>\r\n<p>&nbsp;</p>\r\n<p>&nbsp;</p>\r\n<p><a class=\"btn btn-primary color-collapse\" role=\"button\" href=\"#referencia\" data-bs-toggle=\"collapse\" aria-expanded=\"false\" aria-controls=\"referencia\">Refer&ecirc;ncias</a> <button class=\"btn btn-primary color-collapse\" type=\"button\" data-bs-toggle=\"collapse\" data-bs-target=\"#curadoria\" aria-expanded=\"false\" aria-controls=\"curadoria\">Curadoria</button></p>\r\n<div class=\"row\">\r\n<div class=\"col-12 mb-2\">\r\n<div id=\"referencia\" class=\"collapse multi-collapse \">\r\n<div class=\"card card-body\">1- BANDEIRA, 2018b.</div>\r\n<div class=\"card card-body\">2- BANDEIRA, 2018b,p.240.</div>\r\n</div>\r\n</div>\r\n<div class=\"col-12\">\r\n<div id=\"curadoria\" class=\"collapse multi-collapse \">\r\n<div class=\"card card-body\">1- FERNANDES, Ricardo Cabral. Os Estados Unidos e a transi&ccedil;&atilde;o para a multipolaridade: a crise na Ucr&acirc;nia. Rela&ccedil;&otilde;es Internacionais (R: I), n. 45, p. 25-43, 2015.</div>\r\n</div>\r\n</div>\r\n</div>', 'pages\\March2021\\iPcQ9FN1vjCpYKhXa4Z5.png', 'ucrania-guerra-fria-2', 'Ucrania', 'Ucrania', 'ACTIVE', '2021-03-23 17:24:14', '2021-07-31 01:39:49');
INSERT INTO `pages` (`id`, `author_id`, `title`, `excerpt`, `body`, `image`, `slug`, `meta_description`, `meta_keywords`, `status`, `created_at`, `updated_at`) VALUES
(7, 1, 'Crise Ucraniana', 'Acompanhe através de um período histórico da Ucrânia o desenvolver da Guerra Fria 2.0.', '<p><span id=\"docs-internal-guid-39b051f6-7fff-1c48-4a25-10f435f977fd\"><span style=\"font-size: 12pt; font-family: Arial; color: #000000; background-color: transparent; font-variant-numeric: normal; font-variant-east-asian: normal; vertical-align: baseline; white-space: pre-wrap;\">Antes que se inicie o debate acerca dos protestos ucranianos, ocorridos no ano de 2013 e que inauguram o per&iacute;odo de crise mais recente, &eacute; necess&aacute;rio relembrar uma s&eacute;rie de protestos anteriores a estes, ocorridos ainda no ano de 2004, denominados de Revolu&ccedil;&atilde;o Laranja, uma das vers&otilde;es das chamadas revolu&ccedil;&otilde;es coloridas<sup>1</sup>. </span></span><span style=\"background-color: transparent; color: #000000; font-family: Arial; font-size: 12pt; white-space: pre-wrap; text-align: justify;\">A Revolu&ccedil;&atilde;o Laranja simboliza um grande marco na hist&oacute;ria da Ucr&acirc;nia, &eacute; um importante caso emp&iacute;rico na teoria da Segunda Guerra Fria.</span></p>\r\n<p><span style=\"background-color: transparent; color: #000000; font-family: Arial; font-size: 12pt; white-space: pre-wrap;\">Por revolu&ccedil;&otilde;es coloridas compreende-se uma s&eacute;rie de manifesta&ccedil;&otilde;es pol&iacute;ticas que almejaram altera&ccedil;&otilde;es governamentais, ou seja, tinham como disposi&ccedil;&atilde;o a derrubada dos governos vigentes. Moniz Bandeira salienta em sua reflex&atilde;o sobre a Revolu&ccedil;&atilde;o Laranja que na Ucr&acirc;nia, assim como na Ge&oacute;rgia, onde houve a Revolu&ccedil;&atilde;o Rosa (2003), havia fortes e profundas raz&otilde;es para o descontentamento popular (corrup&ccedil;&atilde;o, crise social etc). Entretanto, a din&acirc;mica constituinte destas manifesta&ccedil;&otilde;es abrange mais do que fatores internos, trata-se de compreender a influ&ecirc;ncia estrangeira em tais revolu&ccedil;&otilde;es como determinante na desestabiliza&ccedil;&atilde;o. </span><span style=\"background-color: transparent; font-size: 12pt; font-family: Arial; color: #000000; font-variant-numeric: normal; font-variant-east-asian: normal; vertical-align: baseline; white-space: pre-wrap;\">Um dos instrumentos da &ldquo;</span><span style=\"background-color: transparent; font-size: 12pt; font-family: Arial; color: #000000; font-style: italic; font-variant-numeric: normal; font-variant-east-asian: normal; vertical-align: baseline; white-space: pre-wrap;\">freedom agenda</span><span style=\"background-color: transparent; font-size: 12pt; font-family: Arial; color: #000000; font-variant-numeric: normal; font-variant-east-asian: normal; vertical-align: baseline; white-space: pre-wrap;\">&rdquo; de Bush, por exemplo, inclu&iacute;a o financiamento e suporte a ativistas pol&iacute;ticos e grupos de direitos humanos no estrangeiro, com o objetivo de promover os c&acirc;nones do &ldquo;</span><span style=\"background-color: transparent; font-size: 12pt; font-family: Arial; color: #000000; font-style: italic; font-variant-numeric: normal; font-variant-east-asian: normal; vertical-align: baseline; white-space: pre-wrap;\">free market</span><span style=\"background-color: transparent; font-size: 12pt; font-family: Arial; color: #000000; font-variant-numeric: normal; font-variant-east-asian: normal; vertical-align: baseline; white-space: pre-wrap;\">&rdquo; da doutrina imperial. </span></p>\r\n<p><span style=\"background-color: transparent; color: #000000; font-family: Arial; font-size: 12pt; white-space: pre-wrap;\">Contextualizando, a s&eacute;rie de protestos populares chamados de revolu&ccedil;&atilde;o Laranja ocorreram no ano de 2004, nas elei&ccedil;&otilde;es para presid&ecirc;ncia ucraniana. O governo de Leonid Kuchma (1994-2005), presidente vigente, foi acusado de fraudar os votos a favor do candidato <a class=\"tooltip-test\" style=\"color: black;\" title=\"Click Aqui\" data-bs-toggle=\"modal\" data-bs-target=\"#staticBackdrop\">Viktor Yanukovich</a>, que era explicitamente apoiado por Kuchma, favorecendo-o em rela&ccedil;&atilde;o ao candidato da oposi&ccedil;&atilde;o <a class=\"tooltip-test\" style=\"color: black;\" title=\"Click Aqui\" data-bs-toggle=\"modal\" data-bs-target=\"#staticBackdrop2\">Viktor Yushchenko</a>. O que levou ao cerne da revolu&ccedil;&atilde;o Laranja. Por mais que se trate de uma quest&atilde;o interna da pol&iacute;tica ucraniana, esse epis&oacute;dio sofreu diversas interfer&ecirc;ncias internacionais. Contudo essa interfer&ecirc;ncia n&atilde;o se limita apenas a esse acontecimento. </span></p>\r\n<div id=\"staticBackdrop\" class=\"modal fade\" tabindex=\"-1\" data-bs-backdrop=\"static\" data-bs-keyboard=\"false\" aria-labelledby=\"staticBackdropLabel\" aria-hidden=\"true\">\r\n<div class=\"modal-dialog\">\r\n<div class=\"modal-content\">\r\n<div class=\"modal-header\">\r\n<h5 id=\"staticBackdropLabel\" class=\"modal-title\">Viktor Yanukovich</h5>\r\n<button class=\"btn-close\" type=\"button\" data-bs-dismiss=\"modal\" aria-label=\"Close\"></button></div>\r\n<div class=\"modal-body\"><img class=\"img-fluid\" style=\"height: 400px;\" src=\"http://localhost:8000/storage/pages/450px-Ag%C3%AAncia_Brasil_2011_Viktor_Yanukovich.jpg\" alt=\" Yanukovich foto\" /> <br /><span style=\"background-color: transparent; color: #000000; font-family: Arial; font-size: 10pt!important; white-space: pre-wrap; text-align: justify;\">Fonte: Erfah Kouchari. </span><a style=\"text-decoration-line: none;\" href=\"https://creativecommons.org/licenses/by-sa/3.0/deed.pt\"><span style=\"background-color: #f8f9fa; color: #575757; font-family: sans-serif; font-size: 10pt!important;\">CC BY-SA 3.0.</span></a><br />\r\n<p style=\"text-align: justify!important;\">Viktor Yanukovich foi presidente da Ucr&acirc;nia de 2010 a 2014, quando foi deposto por uma s&eacute;rie de manifesta&ccedil;&otilde;es. Antes de ser eleito se candidatou em 2004, ano da Revolu&ccedil;&atilde;o Laranja, que marcou a hist&oacute;ria ucraniana.</p>\r\n</div>\r\n<div class=\"modal-footer\">&nbsp;</div>\r\n</div>\r\n</div>\r\n</div>\r\n<div id=\"staticBackdrop2\" class=\"modal fade\" tabindex=\"-1\" data-bs-backdrop=\"static\" data-bs-keyboard=\"false\" aria-labelledby=\"staticBackdropLabel\" aria-hidden=\"true\">\r\n<div class=\"modal-dialog\">\r\n<div class=\"modal-content\">\r\n<div class=\"modal-header\">\r\n<h5 id=\"staticBackdropLabel\" class=\"modal-title\">Viktor Yushchenko</h5>\r\n<button class=\"btn-close\" type=\"button\" data-bs-dismiss=\"modal\" aria-label=\"Close\"></button></div>\r\n<div class=\"modal-body\"><img class=\"img-fluid\" style=\"height: 400px;\" src=\"http://localhost:8000/storage/pages/Viktor_Yushchenko_by_Tasnimnews_01_(cropped).jpg\" alt=\"Yushchenko foto\" /> <br /><span style=\"background-color: transparent; color: #000000; font-family: Arial; font-size: 10pt!important; white-space: pre-wrap; text-align: justify;\">Fonte: Erfah Kouchari. </span><a style=\"text-decoration-line: none;\" href=\"https://creativecommons.org/licenses/by-sa/3.0/deed.pt\"><span style=\"background-color: #f8f9fa; color: #575757; font-family: sans-serif; font-size: 10pt!important;\">CC BY-SA 3.0.</span></a><br />\r\n<p style=\"text-align: justify!important;\">Viktor Yushchenko foi presidente da Ucr&acirc;nia de 2005 a 2010. Foi um importante personagem na Revolu&ccedil;&atilde;o Laranja, que aconteceu em 2004, o mesmo ano em que foi eleito presidente ap&oacute;s reviravoltas nas elei&ccedil;&otilde;es.</p>\r\n</div>\r\n<div class=\"modal-footer\">&nbsp;</div>\r\n</div>\r\n</div>\r\n</div>\r\n<p><span style=\"background-color: transparent; color: #000000; font-family: Arial; font-size: 12pt; white-space: pre-wrap; text-align: justify;\">A interfer&ecirc;ncia internacional no cen&aacute;rio ucraniano diz respeito mais precisamente &agrave; pol&iacute;tica externa russa, tanto quanto &agrave; norte-americana. Pode-se falar numa dupla influ&ecirc;ncia, de vital import&acirc;ncia para compreender a geopol&iacute;tica ucraniana desde a queda do bloco sovi&eacute;tico, no in&iacute;cio dos anos de 1990.&nbsp;</span></p>\r\n<p><span style=\"background-color: transparent; font-size: 12pt; font-family: Arial; color: #000000; font-variant-numeric: normal; font-variant-east-asian: normal; vertical-align: baseline; white-space: pre-wrap;\">O interesse estadunidense na Ucr&acirc;nia e outros pa&iacute;ses que integravam a extinta URSS &eacute; crescente e ostensivo no tabuleiro geopol&iacute;tico, </span><span style=\"background-color: transparent; font-size: 12pt; font-family: Arial; color: #000000; font-style: italic; font-variant-numeric: normal; font-variant-east-asian: normal; vertical-align: baseline; white-space: pre-wrap;\">inter alia</span><span style=\"background-color: transparent; font-size: 12pt; font-family: Arial; color: #000000; font-variant-numeric: normal; font-variant-east-asian: normal; vertical-align: baseline; white-space: pre-wrap;\">, no cen&aacute;rio internacional. George W. Bush foi o presidente interino no ano em que a revolu&ccedil;&atilde;o Laranja ocorreu e, muito de sua pol&iacute;tica internacional esteve atrelada, como j&aacute; preponderado, neste evento de propor&ccedil;&atilde;o hist&oacute;rica.</span></p>\r\n<p><span style=\"background-color: transparent; font-size: 12pt; font-family: Arial; color: #000000; font-variant-numeric: normal; font-variant-east-asian: normal; vertical-align: baseline; white-space: pre-wrap;\">Bush deixou como legado o que muitos analistas denominam por &ldquo;Doutrina Bush&rdquo;<sup>2</sup></span><span style=\"background-color: transparent; font-size: 12pt; font-family: Arial; color: #000000; font-variant-numeric: normal; font-variant-east-asian: normal; vertical-align: baseline; white-space: pre-wrap;\">, que pode ser resumida na pol&iacute;tica externa conotada pela maior agressividade, segundo o prisma anal&iacute;tico de Bandeira. Tal doutrina acoplou-se ao projeto denominado </span><span style=\"background-color: transparent; font-size: 12pt; font-family: Arial; color: #000000; font-style: italic; font-variant-numeric: normal; font-variant-east-asian: normal; vertical-align: baseline; white-space: pre-wrap;\">&ldquo;freedom agenda&rdquo;,</span><span style=\"background-color: transparent; font-size: 12pt; font-family: Arial; color: #000000; font-variant-numeric: normal; font-variant-east-asian: normal; vertical-align: baseline; white-space: pre-wrap;\"> projeto que por sua vez consistia em apoiar governos &ldquo;democr&aacute;ticos inexperientes&rdquo;, referindo-se, por exemplo, &agrave; Ge&oacute;rgia, Ucr&acirc;nia, Palestina<sup>3</sup></span><span style=\"background-color: transparent; font-size: 12pt; font-family: Arial; color: #000000; font-variant-numeric: normal; font-variant-east-asian: normal; vertical-align: baseline; white-space: pre-wrap;\">. E, ao passo que apoiava as novas democracias, Washington, similarmente encorajava dissidentes e reformistas em pa&iacute;ses julgados como de regimes repressivos, tal qual o Ir&atilde;, Coreia do Norte, S&iacute;ria e Venezuela<sup>4</sup></span><span style=\"background-color: transparent; font-size: 12pt; font-family: Arial; color: #000000; font-variant-numeric: normal; font-variant-east-asian: normal; vertical-align: baseline; white-space: pre-wrap;\">.</span></p>\r\n<p><span style=\"text-align: justify; background-color: transparent; font-size: 12pt; font-family: Arial; color: #000000; font-variant-numeric: normal; font-variant-east-asian: normal; vertical-align: baseline; white-space: pre-wrap;\">A </span><span style=\"text-align: justify; background-color: transparent; font-size: 12pt; font-family: Arial; color: #000000; font-style: italic; font-variant-numeric: normal; font-variant-east-asian: normal; vertical-align: baseline; white-space: pre-wrap;\">freedom agenda, </span><span style=\"text-align: justify; background-color: transparent; font-size: 12pt; font-family: Arial; color: #000000; font-variant-numeric: normal; font-variant-east-asian: normal; vertical-align: baseline; white-space: pre-wrap;\">mais do que um projeto pol&iacute;tico, pode ser comparada a uma ideologia, que permeou e de certa forma, mesmo ap&oacute;s o mandato de Bush, ainda permeia as jogadas de Washington no tabuleiro geopol&iacute;tico.</span></p>\r\n<p><span style=\"background-color: transparent; font-size: 12pt; font-family: Arial; color: #000000; font-variant-numeric: normal; font-variant-east-asian: normal; vertical-align: baseline; white-space: pre-wrap;\">A partir do que ficou conhecido como </span><span style=\"background-color: transparent; font-size: 12pt; font-family: Arial; color: #000000; font-style: italic; font-variant-numeric: normal; font-variant-east-asian: normal; vertical-align: baseline; white-space: pre-wrap;\">freedom agenda </span><span style=\"background-color: transparent; font-size: 12pt; font-family: Arial; color: #000000; font-variant-numeric: normal; font-variant-east-asian: normal; vertical-align: baseline; white-space: pre-wrap;\">surge de forma oficial uma s&eacute;rie de programas e incentivos que visam o suporte assistencial &agrave;s chamadas democracias emergentes. A Revolu&ccedil;&atilde;o Laranja &eacute; justamente a materializa&ccedil;&atilde;o desta pol&iacute;tica. Bandeira nos atenta&nbsp; para o fato de que esse movimento foi desencadeado por ativistas, militantes da Organiza&ccedil;&atilde;o PORA (&Eacute; tempo) e de outras ONGs dos Estados Unidos e da Uni&atilde;o Europeia como Freedom House, USAID, National Endowment for Democracy (NED)<sup>5</sup></span><span style=\"background-color: transparent; font-size: 12pt; font-family: Arial; color: #000000; font-variant-numeric: normal; font-variant-east-asian: normal; vertical-align: baseline; white-space: pre-wrap;\">.</span></p>\r\n<p><span style=\"background-color: transparent; color: #000000; font-family: Arial; font-size: 12pt; white-space: pre-wrap;\">Isto &eacute;, programas pol&iacute;ticos e privados, que forneceram apoio aos <span id=\"docs-internal-guid-c16440c2-7fff-0e5e-6720-20813dc5866f\"><span style=\"font-size: 12pt; background-color: transparent; font-variant-numeric: normal; font-variant-east-asian: normal; vertical-align: baseline;\">levantes contra o resultado eleitoral </span></span>atrav&eacute;s de importantes aportes de recursos. &Eacute; v&aacute;lido lembrar que a palavra assist&ecirc;ncia, al&eacute;m do mais, expressa um car&aacute;ter muito abrangente e diversificado de fen&ocirc;menos, por isso, Bandeira explicita, de forma mais clara que: </span></p>\r\n<p dir=\"ltr\" style=\"line-height: 1.38; margin-left: 72pt; text-align: justify; margin-top: 0pt; margin-bottom: 0pt;\"><span style=\"font-size: 10pt; font-family: Arial; color: #000000; background-color: transparent; font-weight: 400; font-style: normal; font-variant: normal; text-decoration: none; vertical-align: baseline; white-space: pre-wrap;\">a Open Society Foundations, a NED e a USAID financiaram alguns movimentos e certos ve&iacute;culos da m&iacute;dia, encorajando a den&uacute;ncia de fraudes reais ou n&atilde;o nas elei&ccedil;&otilde;es, por meio de ativistas, muitas vezes remunerados. Para Washington, as organiza&ccedil;&otilde;es n&atilde;o governamentais eram nada menos que &ldquo;<span style=\"text-decoration: underline;\"><a title=\"Tradu&ccedil;&atilde;o:\" data-toggle=\"popover8\">American invisible sector&rdquo;</a></span> de influ&ecirc;ncia, salientou John Peck<sup>6</sup>. </span></p>\r\n<p><span style=\"background-color: transparent; color: #000000; font-family: Arial; font-size: 12pt; white-space: pre-wrap;\">Esta mesma assist&ecirc;ncia, implementada atrav&eacute;s de ONGs e projetos de atua&ccedil;&atilde;o internacional, como a USAID, sustentaram a campanha do candidato pol&iacute;tico da oposi&ccedil;&atilde;o, Viktor Yushchenko, que apoiou a revolu&ccedil;&atilde;o Laranja e fazia parte da bancada pr&oacute;-ocidente, o oposto de Viktor Yanukovich que era apoiado pela R&uacute;ssia.</span><span style=\"font-variant-numeric: normal; font-variant-east-asian: normal; background-color: transparent; font-size: 12pt; font-family: Arial; color: #000000; vertical-align: baseline; white-space: pre-wrap;\"> Bandeira, para sustentar a an&aacute;lise, usa a intertextualidade, trazendo a conclus&atilde;o de Jonahan Steele, do peri&oacute;dico </span><span style=\"font-variant-numeric: normal; font-variant-east-asian: normal; background-color: transparent; font-size: 12pt; font-family: Arial; color: #000000; font-style: italic; vertical-align: baseline; white-space: pre-wrap;\">The Guardian</span><span style=\"font-variant-numeric: normal; font-variant-east-asian: normal; background-color: transparent; font-size: 12pt; font-family: Arial; color: #000000; vertical-align: baseline; white-space: pre-wrap;\"> de Londres, para quem &ldquo;intervir em elei&ccedil;&otilde;es estrangeiras sob a m&aacute;scara de interesse imparcial de ajudar a sociedade civil tornou-se o procedente do p&oacute;s-moderno </span><span style=\"font-variant-numeric: normal; font-variant-east-asian: normal; background-color: transparent; font-size: 12pt; font-family: Arial; color: #000000; font-style: italic; vertical-align: baseline; white-space: pre-wrap;\">coup</span> <span style=\"font-variant-numeric: normal; font-variant-east-asian: normal; background-color: transparent; font-size: 12pt; font-family: Arial; color: #000000; font-style: italic; vertical-align: baseline; white-space: pre-wrap;\">d&acute;&eacute;tat </span><span style=\"font-variant-numeric: normal; font-variant-east-asian: normal; background-color: transparent; font-size: 12pt; font-family: Arial; color: #000000; vertical-align: baseline; white-space: pre-wrap;\">patrocinado pela CIA, no terceiro Mundo, adaptado &agrave;s condi&ccedil;&otilde;es p&oacute;s-sovi&eacute;ticas&rdquo;<sup>7</sup></span><span style=\"font-variant-numeric: normal; font-variant-east-asian: normal; background-color: transparent; font-size: 12pt; font-family: Arial; color: #000000; vertical-align: baseline; white-space: pre-wrap;\">.</span></p>\r\n<p><span style=\"background-color: transparent; font-size: 12pt; font-family: Arial; color: #000000; font-variant-numeric: normal; font-variant-east-asian: normal; vertical-align: baseline; white-space: pre-wrap;\">David Anable, ex-presidente do </span><span style=\"background-color: transparent; font-size: 12pt; font-family: Arial; color: #000000; font-style: italic; font-variant-numeric: normal; font-variant-east-asian: normal; vertical-align: baseline; white-space: pre-wrap;\">International Center for Journalists</span><span style=\"background-color: transparent; font-size: 12pt; font-family: Arial; color: #000000; font-variant-numeric: normal; font-variant-east-asian: normal; vertical-align: baseline; white-space: pre-wrap;\"> e professor da </span><span style=\"background-color: transparent; font-size: 12pt; font-family: Arial; color: #000000; font-style: italic; font-variant-numeric: normal; font-variant-east-asian: normal; vertical-align: baseline; white-space: pre-wrap;\">Boston University</span><span style=\"background-color: transparent; font-size: 12pt; font-family: Arial; color: #000000; font-variant-numeric: normal; font-variant-east-asian: normal; vertical-align: baseline; white-space: pre-wrap;\">, classificou a S&eacute;rvia, Ge&oacute;rgia e Ucr&acirc;nia como tr&ecirc;s &ldquo;domin&oacute;s&rdquo; nos quais revolu&ccedil;&otilde;es n&atilde;o violentas derrubaram l&iacute;deres </span><span style=\"background-color: transparent; font-size: 12pt; font-family: Arial; color: #000000; font-style: italic; font-variant-numeric: normal; font-variant-east-asian: normal; vertical-align: baseline; white-space: pre-wrap;\">Soviet-Style</span><span style=\"background-color: transparent; font-size: 12pt; font-family: Arial; color: #000000; font-variant-numeric: normal; font-variant-east-asian: normal; vertical-align: baseline; white-space: pre-wrap;\">, autorit&aacute;rios e semiautorit&aacute;rios, e a m&iacute;dia desempenhou importante papel com o suporte t&eacute;cnico e financeiro do Ocidente.</span></p>\r\n<p><span style=\"background-color: transparent; font-size: 12pt; font-family: Arial; color: #000000; font-variant-numeric: normal; font-variant-east-asian: normal; vertical-align: baseline; white-space: pre-wrap;\">Como podemos supor, n&atilde;o &eacute; do interesse dos EUA que a Ucr&acirc;nia tenha presidentes pr&oacute;-R&uacute;ssia, logo, a t&aacute;tica de &ldquo;</span><span style=\"background-color: transparent; font-size: 12pt; font-family: Arial; color: #000000; font-style: italic; font-variant-numeric: normal; font-variant-east-asian: normal; vertical-align: baseline; white-space: pre-wrap;\">regime change</span><span style=\"background-color: transparent; font-size: 12pt; font-family: Arial; color: #000000; font-variant-numeric: normal; font-variant-east-asian: normal; vertical-align: baseline; white-space: pre-wrap;\">&rdquo; (mudan&ccedil;a de regime) foi implementada atrav&eacute;s de manifesta&ccedil;&otilde;es orquestradas no intuito de produzir desestabiliza&ccedil;&atilde;o/sedi&ccedil;&atilde;o. </span></p>\r\n<p><span style=\"background-color: transparent; font-size: 12pt; font-family: Arial; color: #000000; font-variant-numeric: normal; font-variant-east-asian: normal; vertical-align: baseline; white-space: pre-wrap;\"><span id=\"docs-internal-guid-e7396357-7fff-47d8-e2ee-0cbfb029b450\"><span style=\"font-size: 12pt; background-color: transparent; font-variant-numeric: normal; font-variant-east-asian: normal; vertical-align: baseline;\">Conforme revelado pela </span><span style=\"font-size: 12pt; background-color: transparent; font-style: italic; font-variant-numeric: normal; font-variant-east-asian: normal; vertical-align: baseline;\">Associated Press</span><span style=\"font-size: 12pt; background-color: transparent; font-variant-numeric: normal; font-variant-east-asian: normal; vertical-align: baseline;\">, o presidente George W.Bush gastou mais de US$ 65 milh&otilde;es entre os anos de 2003 e 2004 com organiza&ccedil;&otilde;es na Ucr&acirc;nia para fomentar as ditas revolu&ccedil;&otilde;es populares<sup>8</sup></span><span style=\"font-size: 12pt; background-color: transparent; font-variant-numeric: normal; font-variant-east-asian: normal; vertical-align: baseline;\">. Sendo assim, seria leviano atribuir a esta revolu&ccedil;&atilde;o e posterior crise apenas fatores explicativos de natureza end&oacute;gena (BANDEIRA, 2018). A chamada crise ucraniana &eacute; muito mais do que meramente ucraniana desde seu in&iacute;cio.</span></span></span></p>\r\n<p><span style=\"background-color: transparent; font-size: 12pt; font-family: Arial; color: #000000; font-variant-numeric: normal; font-variant-east-asian: normal; vertical-align: baseline; white-space: pre-wrap;\"><span id=\"docs-internal-guid-d58339ba-7fff-6625-e949-993db78a298c\"><span style=\"font-size: 12pt; background-color: transparent; font-variant-numeric: normal; font-variant-east-asian: normal; vertical-align: baseline;\">Cabe relembrar que, com o fim da Guerra Fria, ou seja, no p&oacute;s-Guerra Fria, os Estados Unidos assumiram declaradamente &ldquo;o projeto de constru&ccedil;&atilde;o de um imp&eacute;rio global&rdquo; (Fiori, 2007)<sup>9</sup>.</span></span></span></p>\r\n<p><span style=\"background-color: transparent; font-size: 12pt; font-family: Arial; color: #000000; font-variant-numeric: normal; font-variant-east-asian: normal; vertical-align: baseline; white-space: pre-wrap;\"><span id=\"docs-internal-guid-9b1bdb7e-7fff-effd-aefb-7939e363c711\"><span style=\"font-size: 12pt; background-color: transparent; font-variant-numeric: normal; font-variant-east-asian: normal; vertical-align: baseline;\">Isto porque ap&oacute;s a Guerra Fria, com a debacle da URSS &ldquo;n&atilde;o mais havia outro Estado ou bloco de Estados com capacidade de desafiar e p&ocirc;r em risco o sistema econ&ocirc;mico, social e pol&iacute;tico dos Estados Unidos&rdquo;<sup>10</sup>. Em 1992, o projeto estadunidense de expans&atilde;o global a fim de garantir seu <em>status</em> de </span><span style=\"text-decoration: underline;\"><a title=\"Do ing&ecirc;s:\" data-toggle=\"popover4\"><span style=\"font-size: 12pt; font-family: Arial; color: #000000; background-color: transparent; font-style: italic; font-variant-numeric: normal; font-variant-east-asian: normal; vertical-align: baseline; white-space: pre-wrap;\">lonely power </span></a></span><span style=\"font-size: 12pt; background-color: transparent; font-variant-numeric: normal; font-variant-east-asian: normal; vertical-align: baseline;\">tornou-se expl&iacute;cito: </span></span></span></p>\r\n<p dir=\"ltr\" style=\"line-height: 1.38; margin-left: 72pt; text-align: justify; margin-top: 0pt; margin-bottom: 0pt;\"><span style=\"font-size: 10pt; font-family: Arial; color: #000000; background-color: transparent; font-weight: 400; font-style: normal; font-variant: normal; text-decoration: none; vertical-align: baseline; white-space: pre-wrap;\">Dick Cheney, como secret&aacute;rio de Defesa, divulgou um documento no qual confirmou que a primeira miss&atilde;o pol&iacute;tica e militar dos Estados Unidos p&oacute;s-Guerra Fria consistia em impedir o surgimento de algum poder rival na Europa, na &Aacute;sia e na extinta Uni&atilde;o Sovi&eacute;tica.<sup>11</sup></span></p>\r\n<p><span id=\"docs-internal-guid-81d89d38-7fff-d2fe-1806-d635072a8a4c\"><span style=\"font-size: 12pt; font-family: Arial; color: #000000; background-color: transparent; font-variant-numeric: normal; font-variant-east-asian: normal; vertical-align: baseline; white-space: pre-wrap;\">A</span><span style=\"font-size: 12pt; font-family: Arial; color: #000000; background-color: transparent; font-style: italic; font-variant-numeric: normal; font-variant-east-asian: normal; vertical-align: baseline; white-space: pre-wrap;\"> freedom agenda</span><span style=\"font-size: 12pt; font-family: Arial; color: #000000; background-color: transparent; font-variant-numeric: normal; font-variant-east-asian: normal; vertical-align: baseline; white-space: pre-wrap;\"> forneceu suporte justamente &agrave;s jovens democracias que um dia integraram a Uni&atilde;o Sovi&eacute;tica, a pot&ecirc;ncia que junto aos EUA foram o centro da primeira Guerra Fria e atuou como freio aos des&iacute;gnios americanos. A Ucr&acirc;nia como aliada da R&uacute;ssia confere maior proje&ccedil;&atilde;o ao gigante ex-comunista naquilo que um dia foi seu espa&ccedil;o geopol&iacute;tico &ldquo;natural&rdquo; na Eur&aacute;sia. </span></span></p>\r\n<p><span style=\"background-color: transparent; color: #000000; font-family: Arial; font-size: 12pt; white-space: pre-wrap;\">Para os EUA, mas na mesma medida para a R&uacute;ssia, com tal gravita&ccedil;&atilde;o pol&iacute;tica ucraniana, hora pr&oacute;-ocidente, hora pr&oacute;-r&uacute;ssia, abre-se a possibilidade de reconquista de parte do poder que um dia j&aacute; teve o imp&eacute;rio Russo. Tal &eacute; a problem&aacute;tica para a pol&iacute;tica de conten&ccedil;&atilde;o dos Estados Unidos: a R&uacute;ssia como herdeira do poderio b&eacute;lico da Uni&atilde;o Sovi&eacute;tica e pot&ecirc;ncia regional apresenta-se como um dos principais alvos a ser mantido sob controle no p&oacute;s-guerra fria.</span></p>\r\n<p>&nbsp;</p>\r\n<p><a class=\"btn btn-primary color-collapse\" role=\"button\" href=\"#referencia\" data-bs-toggle=\"collapse\" aria-expanded=\"false\" aria-controls=\"referencia\">Refer&ecirc;ncias</a> <button class=\"btn btn-primary color-collapse\" type=\"button\" data-bs-toggle=\"collapse\" data-bs-target=\"#curadoria\" aria-expanded=\"false\" aria-controls=\"curadoria\">Curadoria</button></p>\r\n<div class=\"row\">\r\n<div class=\"col-12 mb-2\">\r\n<div id=\"referencia\" class=\"collapse multi-collapse \">\r\n<div class=\"card card-body\">\r\n<p class=\"card-text\">1- As chamadas Revolu&ccedil;&otilde;es Coloridas s&atilde;o interpretadas por Moniz Bandeira como uma das consequ&ecirc;ncias da chamada Doutrina Bush. Segundo Bandeira o presidente Bush &ldquo;pretendia apoiar os &lsquo;governos democr&aacute;ticos inexperientes&rsquo;, como na Palestina, no L&iacute;bano, na Ge&oacute;rgia e na Ucr&acirc;nia, e encorajar dissidentes e reformistas democr&aacute;ticos, sob regimes &lsquo;repressivos&rsquo; [&hellip;] o Departamento de Estado, sob a dire&ccedil;&atilde;o do secret&aacute;rio de Estado Colin Powell, lan&ccedil;ou a Middle East Partnership Initiative (MEPI), com prop&oacute;sito ostensivo de ajudar os advers&aacute;rios dos regimes, que n&atilde;o respeitavam a liberdade e os direitos humanos, no Oriente,[...] &rdquo; BANDEIRA, 2018a, p.89-90).</p>\r\n</div>\r\n<div class=\"card card-body\">\r\n<p class=\"card-text\">2- &ldquo;Ela consistia em n&atilde;o fazer distin&ccedil;&atilde;o entre terroristas e na&ccedil;&otilde;es que os abrigavam; combater os inimigos al&eacute;m-mar antes que eles atacassem; confrontar as amea&ccedil;as antes que elas se materializassem; e &ldquo;advance liberty and hope&rdquo; como alternativa para a ideologia dos inimigos de repress&atilde;o e medo&rdquo; (BANDEIRA, 2018a,p.89).</p>\r\n</div>\r\n<div class=\"card card-body\">3- BANDEIRA, 2018a,p.89.&nbsp;</div>\r\n<div class=\"card card-body\">4- Ibidem.</div>\r\n<div class=\"card card-body\">5- BANDEIRA, 2018b,p.275.</div>\r\n<div class=\"card card-body\">6- BANDEIRA, 2018a, p.93.</div>\r\n<div class=\"card card-body\">7- BANDEIRA, 2018a, p.96.</div>\r\n<div class=\"card card-body\">\r\n<p class=\"card-text\">8- WALSH,P. Nick. Inquiry sought into claims of US funding.The Guardian, Dec.2004. Dispon&iacute;vel em:&nbsp;<a style=\"text-decoration-line: none;\" href=\"https://www.theguardian.com/world/2004/dec/13/ukraine.usa\"><span style=\"font-size: 10pt!important; font-family: Arial; color: #1155cc; background-color: transparent; font-variant-numeric: normal; font-variant-east-asian: normal; text-decoration-line: underline; text-decoration-skip-ink: none; vertical-align: baseline; white-space: pre-wrap;\">Clique Aqui</span></a><span style=\"background-color: transparent; font-size: 10pt; font-family: Arial; color: #000000; font-variant-numeric: normal; font-variant-east-asian: normal; vertical-align: baseline; white-space: pre-wrap;\">. </span>Acesso em: 26 de Abril de 2020.</p>\r\n</div>\r\n<div class=\"card card-body\">9- FIORI, Jos&eacute; Lu&iacute;s. A nova geopol&iacute;tica das na&ccedil;&otilde;es e o lugar da R&uacute;ssia, China, &Iacute;ndia, Brasil e &Aacute;frica do Sul. OIKOS (Rio de Janeiro), v. 6, n. 2, 2007.</div>\r\n<div class=\"card card-body\">10- BANDEIRA, 2018a, p.51.</div>\r\n<div class=\"card card-body\">11- BANDEIRA,2018a,p.52.</div>\r\n</div>\r\n</div>\r\n<div class=\"col-12\">\r\n<div id=\"curadoria\" class=\"collapse multi-collapse \">\r\n<div class=\"card card-body\">1- FERNANDES, Ricardo Cabral. Os Estados Unidos e a transi&ccedil;&atilde;o para a multipolaridade: a crise na Ucr&acirc;nia. Rela&ccedil;&otilde;es Internacionais (R: I), n. 45, p. 25-43, 2015.</div>\r\n</div>\r\n</div>\r\n</div>', 'pages\\March2021\\b7XRNHAnUkqjHEUzO01B.jpg', 'crise-ucraniana', 'Ucrania', 'Ucrania', 'ACTIVE', '2021-03-23 17:39:24', '2021-08-01 00:14:55');
INSERT INTO `pages` (`id`, `author_id`, `title`, `excerpt`, `body`, `image`, `slug`, `meta_description`, `meta_keywords`, `status`, `created_at`, `updated_at`) VALUES
(8, 1, 'O desenrolar na Ucrânia', 'Entenda como continuou a dinâmica da crise ucraniana e seus múltiplos personagens.', '<p><span id=\"docs-internal-guid-68028af1-7fff-88c0-5ec0-0fd0baa6e460\"><span style=\"font-size: 12pt; font-family: Arial; color: #000000; background-color: transparent; font-variant-numeric: normal; font-variant-east-asian: normal; vertical-align: baseline; white-space: pre-wrap;\"><span id=\"docs-internal-guid-96703c2c-7fff-22c9-0a84-e260ebe58dca\"><span style=\"font-size: 12pt; background-color: transparent; font-variant-numeric: normal; font-variant-east-asian: normal; vertical-align: baseline;\">Depois da press&atilde;o interna com a revolu&ccedil;&atilde;o Laranja e ainda a press&atilde;o internacional, </span></span></span></span><span style=\"background-color: transparent; color: #000000; font-family: Arial; font-size: 12pt; white-space: pre-wrap;\">os resultados eleitorais foram anulados, </span><span style=\"background-color: transparent; color: #000000; font-family: Arial; font-size: 12pt; white-space: pre-wrap;\"> havendo outras elei&ccedil;&otilde;es que por fim elegeram <a class=\"tooltip-test\" style=\"color: black;\" title=\"Click Aqui\" data-bs-toggle=\"modal\" data-bs-target=\"#staticBackdrop2\">Viktor Yushchenko</a> como presidente, seu governo foi de 2005 a 2010. N&atilde;o nos cabe aqui abordar em profundidade o governo de Yushchenko. Contudo, pode-se dizer de forma mais geral que o governo de Yushchenko foi marcado pela pol&iacute;tica orientada ao Ocidente, em especial EUA e UE. </span></p>\r\n<div id=\"staticBackdrop2\" class=\"modal fade\" tabindex=\"-1\" data-bs-backdrop=\"static\" data-bs-keyboard=\"false\" aria-labelledby=\"staticBackdropLabel\" aria-hidden=\"true\">\r\n<div class=\"modal-dialog\">\r\n<div class=\"modal-content\">\r\n<div class=\"modal-header\">\r\n<h5 id=\"staticBackdropLabel\" class=\"modal-title\">Viktor Yushchenko</h5>\r\n<button class=\"btn-close\" type=\"button\" data-bs-dismiss=\"modal\" aria-label=\"Close\"></button></div>\r\n<div class=\"modal-body\"><img class=\"img-fluid\" style=\"height: 400px;\" src=\"http://localhost:8000/storage/pages/Viktor_Yushchenko_by_Tasnimnews_01_(cropped).jpg\" alt=\"Yushchenko foto\" /> <br /><span style=\"background-color: transparent; color: #000000; font-family: Arial; font-size: 10pt!important; white-space: pre-wrap; text-align: justify;\">Fonte: Erfah Kouchari. </span><a style=\"text-decoration-line: none;\" href=\"https://creativecommons.org/licenses/by-sa/3.0/deed.pt\"><span style=\"background-color: #f8f9fa; color: #575757; font-family: sans-serif; font-size: 10pt!important;\">CC BY-SA 3.0.</span></a><br />\r\n<p style=\"text-align: justify!important;\">Viktor Yushchenko foi presidente da Ucr&acirc;nia de 2005 a 2010. Foi um importante personagem na Revolu&ccedil;&atilde;o Laranja, que aconteceu em 2004, o mesmo ano em que foi eleito presidente ap&oacute;s reviravoltas nas elei&ccedil;&otilde;es.</p>\r\n</div>\r\n<div class=\"modal-footer\">&nbsp;</div>\r\n</div>\r\n</div>\r\n</div>\r\n<p><span id=\"docs-internal-guid-e4ca3251-7fff-2f16-56a2-a8e62470ceb5\"><span style=\"font-size: 12pt; font-family: Arial; color: #000000; background-color: transparent; font-variant-numeric: normal; font-variant-east-asian: normal; vertical-align: baseline; white-space: pre-wrap;\">Logo ap&oacute;s sua vit&oacute;ria, Yushchenko ganhou o pr&ecirc;mio </span><span style=\"font-size: 12pt; font-family: Arial; color: #000000; background-color: transparent; font-style: italic; font-variant-numeric: normal; font-variant-east-asian: normal; vertical-align: baseline; white-space: pre-wrap;\">John F. kennedy Profile in Courage Award</span><span style=\"font-size: 12pt; font-family: Arial; color: #000000; background-color: transparent; font-variant-numeric: normal; font-variant-east-asian: normal; vertical-align: baseline; white-space: pre-wrap;\">, creditado pela </span><span style=\"font-size: 12pt; font-family: Arial; color: #000000; background-color: transparent; font-style: italic; font-variant-numeric: normal; font-variant-east-asian: normal; vertical-align: baseline; white-space: pre-wrap;\">John Kennedy Library Fund<sup>1</sup></span><span style=\"font-size: 12pt; font-family: Arial; color: #000000; background-color: transparent; font-variant-numeric: normal; font-variant-east-asian: normal; vertical-align: baseline; white-space: pre-wrap;\">, gra&ccedil;as a seu desempenho na Revolu&ccedil;&atilde;o Laranja.</span></span></p>\r\n<p><span id=\"docs-internal-guid-2a8d1a35-7fff-8109-1049-c22c72948b05\"><span style=\"font-size: 12pt; font-family: Arial; color: #000000; background-color: transparent; font-variant-numeric: normal; font-variant-east-asian: normal; vertical-align: baseline; white-space: pre-wrap;\">Com o fim de seu mandato, Yushchenko deu lugar a <a class=\"tooltip-test\" style=\"color: black;\" title=\"Click Aqui\" data-bs-toggle=\"modal\" data-bs-target=\"#staticBackdrop\">Viktor Yanukovich</a>, o mesmo candidato que acabou por perder as elei&ccedil;&otilde;es em 2004, com a revolu&ccedil;&atilde;o Laranja. </span></span><span style=\"background-color: transparent; color: #000000; font-family: Arial; font-size: 12pt; white-space: pre-wrap;\">Por&eacute;m mesmo conseguindo ser eleito foi retirado do poder por meio de uma s&eacute;rie de protestos que duraram cerca de 93 dias.</span></p>\r\n<div id=\"staticBackdrop\" class=\"modal fade\" tabindex=\"-1\" data-bs-backdrop=\"static\" data-bs-keyboard=\"false\" aria-labelledby=\"staticBackdropLabel\" aria-hidden=\"true\">\r\n<div class=\"modal-dialog\">\r\n<div class=\"modal-content\">\r\n<div class=\"modal-header\">\r\n<h5 id=\"staticBackdropLabel\" class=\"modal-title\">Viktor Yanukovich</h5>\r\n<button class=\"btn-close\" type=\"button\" data-bs-dismiss=\"modal\" aria-label=\"Close\"></button></div>\r\n<div class=\"modal-body\"><img class=\"img-fluid\" style=\"height: 400px;\" src=\"http://localhost:8000/storage/pages/450px-Ag%C3%AAncia_Brasil_2011_Viktor_Yanukovich.jpg\" alt=\" Yanukovich foto\" /> <br /><span style=\"background-color: transparent; color: #000000; font-family: Arial; font-size: 10pt!important; white-space: pre-wrap; text-align: justify;\">Fonte: Erfah Kouchari. </span><a style=\"text-decoration-line: none;\" href=\"https://creativecommons.org/licenses/by-sa/3.0/deed.pt\"><span style=\"background-color: #f8f9fa; color: #575757; font-family: sans-serif; font-size: 10pt!important;\">CC BY-SA 3.0.</span></a><br />\r\n<p style=\"text-align: justify!important;\">Viktor Yanukovich foi presidente da Ucr&acirc;nia de 2010 a 2014, quando foi deposto por uma s&eacute;rie de manifesta&ccedil;&otilde;es. Antes de ser eleito se candidatou em 2004, ano da Revolu&ccedil;&atilde;o Laranja, que marcou a hist&oacute;ria ucraniana.</p>\r\n</div>\r\n<div class=\"modal-footer\">&nbsp;</div>\r\n</div>\r\n</div>\r\n</div>\r\n<p><span style=\"font-size: 12pt; font-family: Arial; color: #000000; background-color: transparent; font-weight: 400; font-style: normal; font-variant: normal; text-decoration: none; vertical-align: baseline; white-space: pre-wrap;\">Isto &eacute;, o que levou Yanukovych a ter deixado o governo n&atilde;o foi uma reelei&ccedil;&atilde;o, como &eacute; de se esperar conforme os c&acirc;nones da democracia liberal, mas sim manifesta&ccedil;&otilde;es pol&iacute;ticas de </span><span style=\"text-decoration: underline;\"><a title=\"Do latim:\" data-toggle=\"popover5\"><span style=\"font-size: 12pt; font-family: Arial; color: #000000; background-color: transparent; font-style: italic; font-variant-numeric: normal; font-variant-east-asian: normal; vertical-align: baseline; white-space: pre-wrap;\">modus operandi </span></a></span><span style=\"font-size: 12pt; font-family: Arial; color: #000000; background-color: transparent; font-weight: 400; font-style: normal; font-variant: normal; text-decoration: none; vertical-align: baseline; white-space: pre-wrap;\"> similar &agrave; Revolu&ccedil;&atilde;o Laranja. Neste segundo marco da crise recente da Ucr&acirc;nia (as manifesta&ccedil;&otilde;es de 2014), Yanukovych tamb&eacute;m sofre retalia&ccedil;&atilde;o por ONG&acute;s diretamente ou indiretamente ligadas aos EUA e a UE. Resta a quest&atilde;o: porque ONG&acute;s que fomentaram e arquitetaram a Revolu&ccedil;&atilde;o Laranja estariam tamb&eacute;m envolvidas em novas manifesta&ccedil;&otilde;es? Uma an&aacute;lise cr&iacute;tica dessa situa&ccedil;&atilde;o n&atilde;o poderia deixar de partir do conhecido bord&atilde;o angl&oacute;fono </span><span style=\"font-size: 12pt; font-family: Arial; color: #000000; background-color: transparent; font-weight: 400; font-style: italic; font-variant: normal; text-decoration: none; vertical-align: baseline; white-space: pre-wrap;\">follow the money</span><span style=\"font-size: 12pt; font-family: Arial; color: #000000; background-color: transparent; font-weight: 400; font-style: normal; font-variant: normal; text-decoration: none; vertical-align: baseline; white-space: pre-wrap;\">!</span></p>\r\n<p><span style=\"background-color: transparent; color: #000000; font-family: Arial; font-size: 12pt; white-space: pre-wrap; text-align: justify;\">Como explica&ccedil;&atilde;o <span style=\"text-decoration: underline;\"><a title=\"Nesse contexto:\" data-toggle=\"popover9\">motriz</a></span>, Bandeira recorre justamente aos recursos naturais e a posi&ccedil;&atilde;o geoestrat&eacute;gica da Ucr&acirc;nia, sua an&aacute;lise introduz um importante fator,&nbsp; considera-se como preponderante a l&oacute;gica da organiza&ccedil;&atilde;o econ&ocirc;mica global.</span></p>\r\n<p><span id=\"docs-internal-guid-f2d4f2f5-7fff-cd7a-4891-794614e15e82\"><span style=\"font-size: 12pt; font-family: Arial; color: #000000; background-color: transparent; font-variant-numeric: normal; font-variant-east-asian: normal; vertical-align: baseline; white-space: pre-wrap;\">Outrora a geopol&iacute;tica cl&aacute;ssica se valia do realismo pol&iacute;tico para interpretar as intera&ccedil;&otilde;es entre os Estados, n&atilde;o se defrontava com um mundo globalizado (economicamente entrela&ccedil;ado), onde agora os atores nos imp&otilde;em a necessidade de um olhar multifacetado. Se a economia global &eacute; decisiva na nova Guerra Fria, nem por isso Bandeira deixa de aliar-se &agrave; geopol&iacute;tica cl&aacute;ssica ao id</span></span><span style=\"background-color: transparent; color: #000000; font-family: Arial; font-size: 12pt; white-space: pre-wrap;\">entificar um cen&aacute;rio anal&iacute;tico denominado &ldquo;jogo em m&uacute;ltiplas arenas&rdquo; (SILVA, 2018). </span></p>\r\n<p><span style=\"background-color: transparent; color: #000000; font-family: Arial; font-size: 12pt; white-space: pre-wrap;\">Dentre os atores m&uacute;ltiplos est&atilde;o as multinacionais, interessadas justamente nos recursos naturais ucranianos &ldquo;dada a perspectiva de obter maiores lucros na agricultura e na explora&ccedil;&atilde;o das reservas tecnicamente recuper&aacute;veis de g&aacute;s de xisto&rdquo;<sup>2</sup>.</span></p>\r\n<p><span style=\"background-color: transparent; color: #000000; font-family: Arial; font-size: 12pt; white-space: pre-wrap; text-align: justify; text-indent: 35.45pt;\">Os objetivos empresariais e Estatais convergem, a esfera privada e a esfera pol&iacute;tica se entremezclam. Para os Estados Unidos manter boas influ&ecirc;ncias com a Ucr&acirc;nia garante que suas multinacionais tenham acesso aos recursos naturais ali presentes e elas, por sua vez, movimentam a economia e competitividade estadunidense no mercado global. Governar &eacute; abrir mercados.</span></p>\r\n<p><span id=\"docs-internal-guid-090d7491-7fff-f17f-acda-8b78d0d920ac\"><span style=\"font-size: 12pt; font-family: Arial; color: #000000; background-color: transparent; font-variant-numeric: normal; font-variant-east-asian: normal; vertical-align: baseline; white-space: pre-wrap;\">De acordo com Bandeira, entre os fatores que levaram Yanukovych a tornar-se um empecilho convergem duas premissas: a) o acesso aos recursos naturais e b) a dimens&atilde;o geoestrat&eacute;gica do territ&oacute;rio ucraniano. A reelei&ccedil;&atilde;o de 2010 levou Washington a se preocupar com o futuro de seus planos para Ucr&acirc;nia, nas palavras de Bandeira:</span></span></p>\r\n<p dir=\"ltr\" style=\"line-height: 1.38; margin-left: 72pt; text-align: justify; margin-top: 0pt; margin-bottom: 0pt;\"><span style=\"font-size: 10pt; font-family: Arial; color: #000000; background-color: transparent; font-weight: 400; font-style: normal; font-variant: normal; text-decoration: none; vertical-align: baseline; white-space: pre-wrap;\">A elei&ccedil;&atilde;o de Viktor Yanukovych para a Presid&ecirc;ncia da Ucr&acirc;nia, em 2010, fora considerada em Washington derrota da Revolu&ccedil;&atilde;o Laranja e os preparativos para desestabilizar seu governo, tudo indica, come&ccedil;aram muito antes de que ele suspendesse a celebra&ccedil;&atilde;o do acordo de livre com&eacute;rcio com a Uni&atilde;o Europeia<sup>3</sup>.</span></p>\r\n<p><span style=\"background-color: transparent; color: #000000; font-family: Arial; font-size: 12pt; white-space: pre-wrap;\">Washington temia que pelas m&atilde;os de Yanukovych a Ucr&acirc;nia voltasse a orbitar em torno da R&uacute;ssia, uma vez que Putin formara ent&atilde;o a Uni&atilde;o Econ&ocirc;mica Eurasiana e, como preponderado por Bandeira, ter a Ucr&acirc;nia neste bloco era&nbsp; quest&atilde;o de seguran&ccedil;a interna para os russos. Se a mesma continuasse sob influ&ecirc;ncias ocidentais firmar-se-ia a t&atilde;o almejada coopera&ccedil;&atilde;o com a UE, logo, o plano de conten&ccedil;&atilde;o dos EUA se realizaria. </span></p>\r\n<p><span style=\"background-color: transparent; font-size: 12pt; font-family: Arial; color: #000000; font-variant-numeric: normal; font-variant-east-asian: normal; vertical-align: baseline; white-space: pre-wrap;\">J&aacute; para a R&uacute;ssia iria se materializar os riscos da aproxima&ccedil;&atilde;o do inimigo em suas fronteiras. Jacques Ancel, te&oacute;rico da escola geopol&iacute;tica francesa, ao analisar a din&acirc;mica das fronteiras e seu significado, atribui &agrave;s mesmas a condi&ccedil;&atilde;o de n&atilde;o serem &ldquo;uma barreira r&iacute;gida, mas uma periferia sempre tempor&aacute;ria, e, neste particular, n&atilde;o [h&aacute;] nada de natural nelas&rdquo; (Silva, 2018). Em outras palavras, as fronteiras n&atilde;o s&atilde;o <span style=\"text-decoration: underline;\"><a title=\"Nesse contexto:\" data-toggle=\"popover10\">monol&iacute;ticas</a></span>, </span><span style=\"font-size: 11.5pt; font-family: Arial; color: #222222; background-color: #f2f2f2; font-variant-numeric: normal; font-variant-east-asian: normal; vertical-align: baseline; white-space: pre-wrap;\">naturalizaras</span><span style=\"background-color: transparent; font-size: 12pt; font-family: Arial; color: #000000; font-variant-numeric: normal; font-variant-east-asian: normal; vertical-align: baseline; white-space: pre-wrap;\"> mostra-se um&nbsp; risco.</span></p>\r\n<p><span style=\"background-color: transparent; color: #000000; font-family: Arial; font-size: 12pt; white-space: pre-wrap;\">Os EUA n&atilde;o s&oacute; pretendiam evitar que a Ucr&acirc;nia se voltasse &agrave; influ&ecirc;ncia russa, bem como pretendiam claramente anexar a Ucr&acirc;nia &agrave; OTAN. A OTAN, &eacute; v&aacute;lido frisar, surge em um per&iacute;odo de acirramento da primeira guerra fria, como um tratado entre os pa&iacute;ses capitalistas, com o objetivo de contrapor a expans&atilde;o do bloco socialista na Europa.</span></p>\r\n<p><span style=\"background-color: transparent; color: #000000; font-family: Arial; font-size: 12pt; white-space: pre-wrap; text-align: justify;\">Levar a OTAN &agrave;s fronteiras da R&uacute;ssia, mesmo antes do governo Putin, significava amea&ccedil;ar a regi&atilde;o ao isolamento. Boris N. Yeltsin (1991-1999), por exemplo, em carta ao presidente Clinton, salientou que &ldquo;N&oacute;s estamos contra a expans&atilde;o da OTAN para o Leste na dire&ccedil;&atilde;o das fronteiras da Federa&ccedil;&atilde;o Russa. N&oacute;s estamos firmes em nossa posi&ccedil;&atilde;o&rdquo;<sup>4</sup>.</span></p>\r\n<p><span style=\"background-color: transparent; color: #000000; font-family: Arial; font-size: 12pt; white-space: pre-wrap; text-align: justify;\"><span id=\"docs-internal-guid-d701f4d7-7fff-8d6b-46c1-0693ffa016d0\"><span style=\"font-size: 12pt; background-color: transparent; font-variant-numeric: normal; font-variant-east-asian: normal; vertical-align: baseline;\">No ano de 2013 foram firmados diversos acordos com multinacionais ocidentais para explorar as reservas minerais da Ucr&acirc;nia. A companhia anglo-holandesa Royal Dutch-Shell fez diversos acordos, um deles com a empresa ucraniana Nadra Yuzivska para explorar as reservas de Yuzivske, que se situam entre Yuzivske e Donetsk, e contam com mais de um 1,5 trilh&atilde;o de metros c&uacute;bicos de g&aacute;s xisto. Nadra Yuzivska tamb&eacute;m havia assinado acordo com a Chevron, um contrato de US$ 10 bilh&otilde;es para desenvolver em 50 anos a produ&ccedil;&atilde;o de &oacute;leo e g&aacute;s na regi&atilde;o de Oleska (BANDEIRA, 2018b).</span></span></span></p>\r\n<p><span style=\"background-color: transparent; color: #000000; font-family: Arial; font-size: 12pt; white-space: pre-wrap; text-align: justify;\"><span id=\"docs-internal-guid-71be4d66-7fff-fff3-3bb8-8c0858dee4ed\"><span style=\"font-size: 12pt; background-color: transparent; font-variant-numeric: normal; font-variant-east-asian: normal; vertical-align: baseline;\">Logo, tornava-se indispens&aacute;vel a garantia destas futuras fontes de renda para as multinacionais ocidentais, e um governo favor&aacute;vel &agrave;s mesmas. Yanukovych, no mesmo ano destes acordos milion&aacute;rios, recusou o acordo com a UE para que a Ucr&acirc;nia entrasse no bloco. Esta perigosa decis&atilde;o, segundo Bandeira, &ldquo;implicava, decerto, clara op&ccedil;&atilde;o geopol&iacute;tica&rdquo;<sup>5</sup>.</span></span></span></p>\r\n<p><span style=\"background-color: transparent; color: #000000; font-family: Arial; font-size: 12pt; white-space: pre-wrap; text-align: justify;\">Os artif&iacute;cios usados pelos Estados Unidos junto &agrave; UE para avan&ccedil;ar no cen&aacute;rio geopol&iacute;tico retratado s&atilde;o caracter&iacute;sticos do que classificamos como Segunda Guerra Fria.</span></p>\r\n<p><span style=\"background-color: transparent; color: #000000; font-family: Arial; font-size: 12pt; white-space: pre-wrap;\">O custo social e pol&iacute;tico de interven&ccedil;&otilde;es imperiais diretas &eacute; superado nessa fase atrav&eacute;s do c&aacute;lculo dos pontos fracos, ou tidos como estrat&eacute;gicos para - por meio da pr&oacute;pria insurg&ecirc;ncia da popula&ccedil;&atilde;o &ndash; derrubar governos n&atilde;o favor&aacute;veis &agrave;s pol&iacute;ticas ocidentais, principalmente &agrave;quelas dos Estados Unidos. A pra&ccedil;a de Maidan, local dos protestos contra a suspens&atilde;o do acordo econ&ocirc;mico com a Uni&atilde;o Europeia, &eacute; um evento ilustrativo do alcance desta guerra travada na surdina, menos dispendiosa e possivelmente mais eficaz do que aquela cl&aacute;ssica representada pelo conflito <span style=\"text-decoration: underline;\"><a title=\"Nesse contexto:\" data-toggle=\"popover3\">b&eacute;lico.</a></span></span></p>\r\n<p><span style=\"background-color: transparent; color: #000000; font-family: Arial; font-size: 12pt; white-space: pre-wrap;\">Quanto aos eventos de Maidan, aos poucos a posi&ccedil;&atilde;o das pe&ccedil;as no tabuleiro ganha sentido. Victoria Nuland, secret&aacute;ria-assistente de Estado dos EUA, l&iacute;der das manifesta&ccedil;&otilde;es em Maidan e encarregada de retomar o controle da pol&iacute;tica na Ucr&acirc;nia, atrav&eacute;s de conversa revelou que &ldquo;j&aacute; havia elegido quem devia governar o pa&iacute;s&rdquo;<sup>6</sup>. </span></p>\r\n<p><span style=\"background-color: transparent; color: #000000; font-family: Arial; font-size: 12pt; white-space: pre-wrap;\"><span id=\"docs-internal-guid-56500030-7fff-1b23-a406-6c5945907201\"><span style=\"font-size: 12pt; background-color: transparent; font-variant-numeric: normal; font-variant-east-asian: normal; vertical-align: baseline;\">O nome apontado por Victoria Nuland foi o banqueiro Arseniy Yatsenyuk<sup>7</sup></span><span style=\"font-size: 12pt; background-color: transparent; font-variant-numeric: normal; font-variant-east-asian: normal; vertical-align: baseline;\">, que acabou se tornando primeiro-ministro da Ucr&acirc;nia, prolongando parcialmente seu mandato ao longo de dois governos.</span></span></span></p>\r\n<p><span style=\"background-color: transparent; color: #000000; font-family: Arial; font-size: 12pt; white-space: pre-wrap;\"><span style=\"font-size: 10pt!important; background-color: transparent; font-variant-numeric: normal; font-variant-east-asian: normal; vertical-align: baseline;\"><img class=\"img-responsive\" title=\"Protestos em Maidan \" src=\"http://localhost:8000/storage/pages/July2021/640px-Euromaidan_in_Kiev_2014-02-19_12-06.jpg\" alt=\"Euromaidan em Kiev, 19 de fevereiro de 2014. Casa dos sindicatos em chamas. Foi relatado que foi incendiado por policiais por ser o quartel-general dos manifestantes.  Fonte: AMAKUHA, 2014. https://creativecommons.org/licenses/by-sa/3.0/deed.pt\" /></span></span></p>\r\n<h6><span style=\"background-color: transparent; color: #000000; font-family: Arial; font-size: 10pt!important; white-space: pre-wrap; text-align: justify;\"> Euromaidan em Kiev, 19 de fevereiro de 2014. Casa dos sindicatos em chamas. </span><span style=\"background-color: transparent; color: #000000; font-family: Arial; font-size: 10pt!important; white-space: pre-wrap; text-align: justify;\">Fonte: AMAKUHA, 2014. </span><a style=\"text-decoration-line: none;\" href=\"https://creativecommons.org/licenses/by-sa/3.0/deed.pt\"><span style=\"background-color: #f8f9fa; color: #575757; font-family: sans-serif; font-size: 10pt!important;\">CC BY-SA 3.0.</span></a></h6>\r\n<p><span style=\"background-color: transparent; color: #000000; font-family: Arial; font-size: 12pt; white-space: pre-wrap;\">Para nossa exposi&ccedil;&atilde;o torna-se essencial destrin&ccedil;ar o sentido dos m&eacute;todos usados no epis&oacute;dio da pra&ccedil;a Maidan.</span></p>\r\n<p><span id=\"docs-internal-guid-38919099-7fff-9ed9-1fa7-bc84f7f4068d\"><span style=\"font-size: 12pt; font-family: Arial; color: #000000; background-color: transparent; font-variant-numeric: normal; font-variant-east-asian: normal; vertical-align: baseline; white-space: pre-wrap;\">Estamos diante de uma clara guerra por procura&ccedil;&atilde;o, uma guerra terceirizada, com baixos custos pol&iacute;ticos ao mundo ocidental. Os manifestantes de Maidan contaram com apoio declarado dos Estados Unidos e da UE</span><span style=\"font-size: 12pt; font-family: Arial; color: #000000; background-color: transparent; font-variant-numeric: normal; font-variant-east-asian: normal; vertical-align: baseline; white-space: pre-wrap;\">, desde a trivial distribui&ccedil;&atilde;o de &ldquo;sandu&iacute;ches&rdquo; aos manifestantes, como fez Victoria Nuland, ou no apoio financeiro e assistencial como relata Bandeira: &ldquo;O bonifrate de Victoria Nulan, Arseniy &lsquo;Yats&rsquo; Yatsenyuk, presidente da Open Ukraine Foundation, associada &agrave; Chatam House, Centro de Informa&ccedil;&atilde;o e Documenta&ccedil;&atilde;o da OTAN e ao banco su&iacute;&ccedil;o Horizon Capital&rdquo;<sup>8</sup>.</span></span></p>\r\n<p><span id=\"docs-internal-guid-9038649f-7fff-d1b2-28aa-4aff24775834\"><span style=\"font-size: 12pt; font-family: Arial; color: #000000; background-color: transparent; font-variant-numeric: normal; font-variant-east-asian: normal; vertical-align: baseline; white-space: pre-wrap;\">Outro aspecto relevante da estrat&eacute;gia est&aacute; em operar com os setores mais radicalizados da sociedade. Em Maidan a extrema direita usou armas e uniformes com a divis&atilde;o SS Galizen, organiza&ccedil;&atilde;o que lutou ao lado dos nazistas alem&atilde;es contra os sovi&eacute;ticos. Incentivar o fascismo nem sempre &eacute; contradit&oacute;rio com os princ&iacute;pios democr&aacute;ticos ocidentais, do ponto de vista hist&oacute;rico, da </span><span style=\"font-size: 12pt; font-family: Arial; color: #000000; background-color: transparent; font-style: italic; font-variant-numeric: normal; font-variant-east-asian: normal; vertical-align: baseline; white-space: pre-wrap;\">realpolitik</span><span style=\"font-size: 12pt; font-family: Arial; color: #000000; background-color: transparent; font-variant-numeric: normal; font-variant-east-asian: normal; vertical-align: baseline; white-space: pre-wrap;\">, muitas vezes os fins costumam justificar-se nos meios.</span></span></p>\r\n<p><span style=\"background-color: transparent; color: #000000; font-family: Arial; font-size: 12pt; white-space: pre-wrap; text-align: justify;\">&nbsp;</span></p>\r\n<p><a class=\"btn btn-primary color-collapse\" role=\"button\" href=\"#referencia\" data-bs-toggle=\"collapse\" aria-expanded=\"false\" aria-controls=\"referencia\">Refer&ecirc;ncias</a> <button class=\"btn btn-primary color-collapse\" type=\"button\" data-bs-toggle=\"collapse\" data-bs-target=\"#curadoria\" aria-expanded=\"false\" aria-controls=\"curadoria\">Curadoria</button></p>\r\n<div class=\"row\">\r\n<div class=\"col-12 mb-2\">\r\n<div id=\"referencia\" class=\"collapse multi-collapse \">\r\n<div class=\"card card-body\">\r\n<p class=\"card-text\">1- UKRAINE PRESIDENT VIKTOR YUSHCHENKO IN BOSTON TO RECEIVE JOHN F. KENNEDY PROFILE IN COURAGE AWARD.John F. Kennedy Presidential Library and Museum, Boston, 5 de Abril de 2005. Dispon&iacute;vel em: <a style=\"text-decoration-line: none;\" href=\"https://www.jfklibrary.org/about-us/news-and-press/press-releases/ukraine-president-viktor-yushchenko-in-boston-to-receive-john-f-kennedy-profile-in-courage-award\"><span style=\"font-size: 10pt!important; font-family: Arial; color: #1155cc; background-color: transparent; font-variant-numeric: normal; font-variant-east-asian: normal; text-decoration-line: underline; text-decoration-skip-ink: none; vertical-align: baseline; white-space: pre-wrap;\">Clique Aqui</span></a><span style=\"background-color: transparent; font-size: 10pt; font-family: Arial; color: #000000; font-variant-numeric: normal; font-variant-east-asian: normal; vertical-align: baseline; white-space: pre-wrap;\">. </span>Acesso em: 23 de Maio de 2020.</p>\r\n</div>\r\n<div class=\"card card-body\">2- BANDEIRA, 2018b, p.288.</div>\r\n<div class=\"card card-body\">3- BANDEIRA, 2018b,p.289.</div>\r\n<div class=\"card card-body\">4- BANDEIRA, 2018a, p.55.</div>\r\n<div class=\"card card-body\">5- BANDEIRA, 2018b, p.274.</div>\r\n<div class=\"card card-body\">6- BANDEIRA,2018b,p.292.</div>\r\n<div class=\"card card-body\">\r\n<p class=\"card-text\">7- Fala vazada de Victoria Nuland, na qual se refere a Yatsenyuk no diminutivo : &ldquo;I think Yats is the guy who&rsquo;s got the experience, the governing experience. He&rsquo;s the... what he needs is Klitsch and Tyahnybok on the outside&rdquo; ( BANDEIRA, 2018b, p. 292).</p>\r\n</div>\r\n<div class=\"card card-body\">8- BANDEIRA, 2018b, p.298.</div>\r\n</div>\r\n</div>\r\n<div class=\"col-12\">\r\n<div id=\"curadoria\" class=\"collapse multi-collapse \">\r\n<div class=\"card card-body\">Indica&ccedil;&otilde;es de Leitura: La Ucrania post-sovi&eacute;tica a la luz de la geopol&iacute;tica cr&iacute;tica. OT&Aacute;LORA SECHAGUE, Juan David. Estudios internacionales (Santiago), v. 51, n. 193, p. 131-158, 2019. - Aborda de forma concisa e clara a crise Ucraniana de 2014.</div>\r\n<div class=\"card card-body\">POLO, Higinio. La guadana del Maidan. Rebelion, Dez. 2018. Dispon&iacute;vel em: https://rebelion.org/ucrania-la-guadana-del-maidan/. - Cita a problem&aacute;tica fascista nos protestos ucranianos.</div>\r\n</div>\r\n</div>\r\n</div>', 'pages\\March2021\\OU8zR1mI7ZouariMa0bN.jpg', 'o-desenrolar-na-ucrania', 'Ucrania', 'Ucrania', 'ACTIVE', '2021-03-23 17:55:51', '2021-08-01 01:47:39');
INSERT INTO `pages` (`id`, `author_id`, `title`, `excerpt`, `body`, `image`, `slug`, `meta_description`, `meta_keywords`, `status`, `created_at`, `updated_at`) VALUES
(9, 1, 'Anexação da Crimeia', 'Após os conflitos na praça de Maidan a Rússia entrou como um personagem importante no enredo ucraniano, iniciando a anexação da Crimeia.', '<p><span id=\"docs-internal-guid-11a65e7d-7fff-b0c6-7e61-0fdde98b020e\"><span style=\"font-size: 12pt; font-family: Arial; color: #000000; background-color: transparent; font-variant-numeric: normal; font-variant-east-asian: normal; vertical-align: baseline; white-space: pre-wrap;\">Tendo em vista os protestos na pra&ccedil;a de Maidan, dentre outras manifesta&ccedil;&otilde;es p&uacute;blicas, conhecidas como Euromaidan, cujas quais exigiam uma maior aproxima&ccedil;&atilde;o europeia. A R&uacute;ssia, baseada em seus interesses e numa jogada t&atilde;o estrat&eacute;gica quanto &agrave; dos EUA, avan&ccedil;ou rumo ao processo de reintegra&ccedil;&atilde;o da Crimeia, dando um contragolpe nas medidas ocidentais em rela&ccedil;&atilde;o &agrave; Ucr&acirc;nia. </span></span></p>\r\n<p><span id=\"docs-internal-guid-11a65e7d-7fff-b0c6-7e61-0fdde98b020e\"><span style=\"font-size: 12pt; font-family: Arial; color: #000000; background-color: transparent; font-variant-numeric: normal; font-variant-east-asian: normal; vertical-align: baseline; white-space: pre-wrap;\">A Crimeia esteve incorporada ao territ&oacute;rio russo desde 1783, sendo que em 1954 foi transferida para a Ucr&acirc;nia, durante a Uni&atilde;o Sovi&eacute;tica. Por fazerem parte do mesmo bloco, n&atilde;o foram notadas grandes altera&ccedil;&otilde;es. Contudo, ap&oacute;s a queda do bloco sovi&eacute;tico, a Crimeia oficialmente se integrou &agrave; Ucr&acirc;nia, o que n&atilde;o satisfez seus habitantes, em sua maioria russos. Um dos sinais dessa clara insatisfa&ccedil;&atilde;o foi a proclama&ccedil;&atilde;o de independ&ecirc;ncia feita pela Crimeia em 1992, estabelecendo sua pr&oacute;pria Constitui&ccedil;&atilde;o, todavia foi revogada em 2005. Sendo assim, a Crimeia aceitou fazer parte da Ucr&acirc;nia como uma Rep&uacute;blica Aut&ocirc;noma. </span></span></p>\r\n<p><span style=\"font-size: 12pt; font-family: Arial; color: #000000; background-color: transparent; font-variant-numeric: normal; font-variant-east-asian: normal; vertical-align: baseline; white-space: pre-wrap;\"><img class=\"img-fluid\" src=\"http://localhost:8000/storage/pages/August2021/questao-crimeia-mapa-200044583-600x407.jpg\" alt=\"\" /></span></p>\r\n<p><span style=\"font-size: 10pt!important; font-family: Arial; color: #000000; background-color: transparent; font-weight: 400; font-style: normal; font-variant: normal; text-decoration: none; vertical-align: baseline; white-space: pre-wrap;\"> Mapa da regi&atilde;o da Crimeia. Ilustra&ccedil;&atilde;o: Peteri / Shutterstock [adaptado]</span></p>\r\n<p><span style=\"background-color: transparent; color: #000000; font-family: Arial; font-size: 12pt; white-space: pre-wrap;\">Por&eacute;m, logo que o presidente <a class=\"tooltip-test\" style=\"color: black;\" title=\"Click Aqui\" data-bs-toggle=\"modal\" data-bs-target=\"#staticBackdrop\">Yanukovich</a> &eacute; deposto, inicia-se um relevante movimento separatista na Crimeia. Os manifestantes gritavam &ldquo;&lsquo;R&uacute;ssia, R&uacute;ssia, R&uacute;ssia&rsquo;&rdquo;, com a bandeira russa, e &ldquo;&lsquo;n&atilde;o nos renderemos a esses fascistas&rsquo;\"<sup>1</sup>. </span></p>\r\n<div id=\"staticBackdrop\" class=\"modal fade\" tabindex=\"-1\" data-bs-backdrop=\"static\" data-bs-keyboard=\"false\" aria-labelledby=\"staticBackdropLabel\" aria-hidden=\"true\">\r\n<div class=\"modal-dialog\">\r\n<div class=\"modal-content\">\r\n<div class=\"modal-header\">\r\n<h5 id=\"staticBackdropLabel\" class=\"modal-title\">Viktor Yanukovich</h5>\r\n<button class=\"btn-close\" type=\"button\" data-bs-dismiss=\"modal\" aria-label=\"Close\"></button></div>\r\n<div class=\"modal-body\"><img class=\"img-fluid\" style=\"height: 400px;\" src=\"http://localhost:8000/storage/pages/450px-Ag%C3%AAncia_Brasil_2011_Viktor_Yanukovich.jpg\" alt=\" Yanukovich foto\" /> <br /><span style=\"background-color: transparent; color: #000000; font-family: Arial; font-size: 10pt!important; white-space: pre-wrap; text-align: justify;\">Fonte: Erfah Kouchari. </span><a style=\"text-decoration-line: none;\" href=\"https://creativecommons.org/licenses/by-sa/3.0/deed.pt\"><span style=\"background-color: #f8f9fa; color: #575757; font-family: sans-serif; font-size: 10pt!important;\">CC BY-SA 3.0.</span></a><br />\r\n<p style=\"text-align: justify!important;\">Viktor Yanukovich foi presidente da Ucr&acirc;nia de 2010 a 2014, quando foi deposto por uma s&eacute;rie de manifesta&ccedil;&otilde;es. Antes de ser eleito se candidatou em 2004, ano da Revolu&ccedil;&atilde;o Laranja, que marcou a hist&oacute;ria ucraniana.</p>\r\n</div>\r\n<div class=\"modal-footer\">&nbsp;</div>\r\n</div>\r\n</div>\r\n</div>\r\n<p><span id=\"docs-internal-guid-46a79629-7fff-967d-2dfa-d02d0d6eeff9\"><span style=\"font-size: 12pt; font-family: Arial; color: #000000; background-color: transparent; font-variant-numeric: normal; font-variant-east-asian: normal; vertical-align: baseline; white-space: pre-wrap;\">Bem como os Estados Unidos se aproveitaram da corrup&ccedil;&atilde;o e estagna&ccedil;&atilde;o econ&ocirc;mica que assolava a Ucr&acirc;nia para fomentar manifesta&ccedil;&otilde;es p&uacute;blicas, a R&uacute;ssia usou da mesma insatisfa&ccedil;&atilde;o para reanexar/reintegrar a Crimeia ao seu territ&oacute;rio. Como dito, a fronteira desde a geopol&iacute;tica cl&aacute;ssica &eacute; interpretada como uma periferia sempre tempor&aacute;ria. </span></span></p>\r\n<p><span id=\"docs-internal-guid-3a98c8d1-7fff-db2f-a7ad-54d2192d820a\"><span style=\"font-size: 12pt; font-family: Arial; color: #000000; background-color: transparent; font-variant-numeric: normal; font-variant-east-asian: normal; vertical-align: baseline; white-space: pre-wrap;\">Com isso a R&uacute;ssia retomou controle do Estreito de Kerch, &ldquo;rota-chave entre o Mar de Azov e o Mar Negro, e o completo controle do canal Kerch-Yenikalskiy&rdquo;<sup>2</sup>. Al&eacute;m da Ucr&acirc;nia perder as virtuais fontes de energia do Mar Negro, contabilizadas num acervo de aproximadamente 127 bilh&otilde;es de hryvna (US$ 10,8 bilh&otilde;es), a R&uacute;ssia retoma uma &aacute;rea mar&iacute;tima imprescind&iacute;vel para manter sua influ&ecirc;ncia e extens&atilde;o na regi&atilde;o. </span></span></p>\r\n<p><span id=\"docs-internal-guid-ec3b5de6-7fff-06b7-2645-0a29343f250e\"><span style=\"font-size: 12pt; font-family: Arial; color: #000000; background-color: transparent; font-variant-numeric: normal; font-variant-east-asian: normal; vertical-align: baseline; white-space: pre-wrap;\">Bush j&aacute; teria sido avisado por seu assessor de seguran&ccedil;a, <a class=\"tooltip-test\" style=\"color: black;\" title=\"Click Aqui\" data-bs-toggle=\"modal\" data-bs-target=\"#staticBackdrop2\">Zbigniew Brzezinski</a>, que deveria impedir a R&uacute;ssia de ter acesso ao Mar Negro. Neste quesito a pretens&atilde;o estadunidense de isolar a R&uacute;ssia fracassou, contudo, as san&ccedil;&otilde;es estadunidenses sob Obama retardaram consideravelmente sua economia e crescimento com o preju&iacute;zo de &ldquo;23 bilh&otilde;es de euros em 2014 (1,5% do PIB) e 75 bilh&otilde;es de euros (4,8% do PIB), em 2015&rdquo;<sup>3</sup>. </span></span></p>\r\n<div id=\"staticBackdrop2\" class=\"modal fade\" tabindex=\"-1\" data-bs-backdrop=\"static\" data-bs-keyboard=\"false\" aria-labelledby=\"staticBackdropLabel\" aria-hidden=\"true\">\r\n<div class=\"modal-dialog\">\r\n<div class=\"modal-content\">\r\n<div class=\"modal-header\">\r\n<h5 id=\"staticBackdropLabel\" class=\"modal-title\">Zbigniew Brzezinski</h5>\r\n<button class=\"btn-close\" type=\"button\" data-bs-dismiss=\"modal\" aria-label=\"Close\"></button></div>\r\n<div class=\"modal-body\"><img class=\"img-fluid\" style=\"height: 400px;\" src=\"http://localhost:8000/storage/pages/MSC_2014_Brzezinski_Kleinschmidt_MSC2014_(cropped)_2.jpg\" alt=\"Brzezinskifoto\" /> <br /><span style=\"background-color: transparent; color: #000000; font-family: Arial; font-size: 10pt!important; white-space: pre-wrap; text-align: justify;\">Fonte: Tobias Kleinschmidt. </span><a style=\"text-decoration-line: none;\" href=\"https://creativecommons.org/licenses/by-sa/3.0/deed.pt\"><span style=\"background-color: #f8f9fa; color: #575757; font-family: sans-serif; font-size: 10pt!important;\">CC BY-SA 3.0.</span></a><br />\r\n<p style=\"text-align: justify!important;\">Zbigniew Kazimierz Brzezinski foi um geopol&iacute;tico, cientista pol&iacute;tico. Sua principal atua&ccedil;&atilde;o foi como Conselheiro de Seguran&ccedil;a Nacional dos Estados Unidos, entre 1977 e 1981, na presid&ecirc;ncia de Jimmy Carter.</p>\r\n</div>\r\n<div class=\"modal-footer\">&nbsp;</div>\r\n</div>\r\n</div>\r\n</div>\r\n<p><span style=\"background-color: transparent; color: #000000; font-family: Arial; font-size: 12pt; white-space: pre-wrap; text-align: justify;\">Por mais que se pensasse que Arseniy Yatsenyuk fosse assumir o posto de presidente, dado seu apoio ocidental, foi <a class=\"tooltip-test\" style=\"color: black;\" title=\"Click Aqui\" data-bs-toggle=\"modal\" data-bs-target=\"#staticBackdrop3\">Petro Poroshenko</a> quem assumiu o posto, governando de 2014 a 2019.&nbsp;</span></p>\r\n<div id=\"staticBackdrop3\" class=\"modal fade\" tabindex=\"-1\" data-bs-backdrop=\"static\" data-bs-keyboard=\"false\" aria-labelledby=\"staticBackdropLabel\" aria-hidden=\"true\">\r\n<div class=\"modal-dialog\">\r\n<div class=\"modal-content\">\r\n<div class=\"modal-header\">\r\n<h5 id=\"staticBackdropLabel\" class=\"modal-title\">Petro Poroshenko</h5>\r\n<button class=\"btn-close\" type=\"button\" data-bs-dismiss=\"modal\" aria-label=\"Close\"></button></div>\r\n<div class=\"modal-body\"><img class=\"img-fluid\" style=\"height: 400px;\" src=\"http://localhost:8000/storage/pages/Petro_Poroshenko_-_2016-10-05_-_9.jpg\" alt=\"Petro Poroshenko foto\" /> <br /><span style=\"background-color: transparent; color: #000000; font-family: Arial; font-size: 10pt!important; white-space: pre-wrap; text-align: justify;\">Fonte: Andriy Makukha. </span><a style=\"text-decoration-line: none;\" href=\"https://creativecommons.org/licenses/by-sa/3.0/deed.pt\"><span style=\"background-color: #f8f9fa; color: #575757; font-family: sans-serif; font-size: 10pt!important;\">CC BY-SA 3.0.</span></a><br />\r\n<p style=\"text-align: justify!important;\">Petro Poroshenko foi presidente da Ucr&acirc;nia de 2014 at&eacute; 2019. Anteriormente foi ministro do Com&eacute;rcio e Desenvolvimento Econ&ocirc;mico e ministro dos Neg&oacute;cios Estrangeiros.</p>\r\n</div>\r\n<div class=\"modal-footer\">&nbsp;</div>\r\n</div>\r\n</div>\r\n</div>\r\n<p><span id=\"docs-internal-guid-79df245a-7fff-3d1d-8443-52a1cd759aed\"><span style=\"font-size: 12pt; font-family: Arial; color: #000000; background-color: transparent; font-variant-numeric: normal; font-variant-east-asian: normal; vertical-align: baseline; white-space: pre-wrap;\">Seu governo, no entanto, n&atilde;o se distanciou dos antecessores, pelo contr&aacute;rio, mais uma vez a estagna&ccedil;&atilde;o e a corrup&ccedil;&atilde;o foram marcantes, nada mais do que o esperado, afinal, &ldquo;Poroshenko foi um dos pilares dos protestos em Maidan&rdquo;<sup>4</sup>. Como afirmou o cientista pol&iacute;tico Yuriy Matsiyevsky &ldquo;<span id=\"docs-internal-guid-351ab746-7fff-fac9-a572-1eec7b6ab4b0\"><span style=\"font-size: 12pt; background-color: transparent; font-variant-numeric: normal; font-variant-east-asian: normal; vertical-align: baseline;\">o regime mudou, mas o sistema permanece o mesmo</span></span>&rdquo;<sup>5</sup>. A an&aacute;lise de Matsiyevsky condiz com a de Bandeira, ambos relatam um hibridismo governamental entre as elites ucranianas e agentes externos, </span><span style=\"font-size: 12pt; font-family: Arial; color: #000000; background-color: transparent; font-style: italic; font-variant-numeric: normal; font-variant-east-asian: normal; vertical-align: baseline; white-space: pre-wrap;\">inter alia,</span><span style=\"font-size: 12pt; font-family: Arial; color: #000000; background-color: transparent; font-variant-numeric: normal; font-variant-east-asian: normal; vertical-align: baseline; white-space: pre-wrap;\"> informais:</span></span></p>\r\n<p dir=\"ltr\" style=\"line-height: 1.38; margin-left: 72pt; text-align: justify; margin-top: 0pt; margin-bottom: 0pt;\"><span style=\"font-size: 10pt; font-family: Arial; color: #000000; background-color: transparent; font-weight: 400; font-style: normal; font-variant: normal; text-decoration: none; vertical-align: baseline; white-space: pre-wrap;\">A </span><span style=\"background-color: transparent; color: #000000; font-family: Arial; font-size: 10pt; white-space: pre-wrap;\">tend&ecirc;ncia definidora da din&acirc;mica do regime p&oacute;s-revolucion&aacute;rio na Ucr&acirc;nia &eacute;, portanto, n&atilde;o uma oscila&ccedil;&atilde;o entre democracia e autoritarismo, mas uma hibridiza&ccedil;&atilde;o, ou seja, o fortalecimento da influ&ecirc;ncia subversiva das institui&ccedil;&otilde;es informais sobre as formais, o que por sua vez afeta negativamente a qualidade de governan&ccedil;a e a capacidade administrativa do estado<sup>6</sup>.</span></p>\r\n<p><span style=\"background-color: transparent; color: #000000; font-family: Arial; font-size: 10pt; white-space: pre-wrap;\">&nbsp;</span><span style=\"background-color: transparent; color: #000000; font-family: Arial; font-size: 12pt; white-space: pre-wrap; text-align: justify;\">Afinal, R&uacute;ssia ou Estados Unidos, o que importava era a seguran&ccedil;a e o bem-estar da elite ucraniana, &ldquo;A Ucr&acirc;nia &eacute; um exemplo espetacular de regime h&iacute;brido, onde institui&ccedil;&otilde;es formais (estado e constitui&ccedil;&atilde;o) s&atilde;o subvertidos pelo clientelismo, corrup&ccedil;&atilde;o e acordos informais entre as elites&rdquo;<sup>7</sup>. </span></p>\r\n<p><span style=\"background-color: transparent; color: #000000; font-family: Arial; font-size: 12pt; white-space: pre-wrap; text-align: justify;\">Portanto, conclui-se que Poroshenko em seu per&iacute;odo como presidente representou um sistema h&iacute;brido de influ&ecirc;ncia americana e russa, ambas com seus pr&oacute;prios objetivos, o chamado pressuposto da racionalidade, representando muito bem caracter&iacute;sticas que marcaram e fundamentam a nova guerra fria, a competitividade entre estes dois pa&iacute;ses.&nbsp;</span></p>\r\n<p><span style=\"background-color: transparent; color: #000000; font-family: Arial; font-size: 12pt; white-space: pre-wrap; text-align: justify;\">Ap&oacute;s o governo de Poroshenko, <a class=\"tooltip-test\" style=\"color: black;\" title=\"Click Aqui\" data-bs-toggle=\"modal\" data-bs-target=\"#staticBackdrop4\">Volodimir Zelensky</a> foi eleito por 73% dos votos vencendo &ldquo;al oligarca Petr&oacute; Poroshenko, el hombre que Washington y Berl&iacute;n auparon al poder tras el golpe/revuelta de 2014\"<sup>8.</sup> </span></p>\r\n<div id=\"staticBackdrop4\" class=\"modal fade\" tabindex=\"-1\" data-bs-backdrop=\"static\" data-bs-keyboard=\"false\" aria-labelledby=\"staticBackdropLabel\" aria-hidden=\"true\">\r\n<div class=\"modal-dialog\">\r\n<div class=\"modal-content\">\r\n<div class=\"modal-header\">\r\n<h5 id=\"staticBackdropLabel\" class=\"modal-title\">Volodimir Zelensky</h5>\r\n<button class=\"btn-close\" type=\"button\" data-bs-dismiss=\"modal\" aria-label=\"Close\"></button></div>\r\n<div class=\"modal-body\"><img class=\"img-fluid\" style=\"height: 400px;\" src=\"http://localhost:8000/storage/pages/450px-Volodymyr_Zelensky_2019_presidential_inauguration_05_(cropped_2).jpg\" alt=\"Petro Poroshenko foto\" /> <br /><span style=\"background-color: transparent; color: #000000; font-family: Arial; font-size: 10pt!important; white-space: pre-wrap; text-align: justify;\">Fonte: Mykhaylo Markiv / The Presidential Administration of Ukraine. </span><a style=\"text-decoration-line: none;\" href=\"https://creativecommons.org/licenses/by-sa/3.0/deed.pt\"><span style=\"background-color: #f8f9fa; color: #575757; font-family: sans-serif; font-size: 10pt!important;\">CC BY-SA 3.0.</span></a><br />\r\n<p style=\"text-align: justify!important;\">Volodimir Zelensky &eacute; o atual presidente da Ucr&acirc;nia sendo eleito em 2019. Tamb&eacute;m &eacute; um famoso ator e comediante ucraniano. Por mais que seu governo ainda seja regente, algumas cr&iacute;ticas j&aacute; podem ser feitas, principalmente em rela&ccedil;&atilde;o aos EUA e a R&uacute;ssia.</p>\r\n</div>\r\n<div class=\"modal-footer\">&nbsp;</div>\r\n</div>\r\n</div>\r\n</div>\r\n<p><span style=\"background-color: transparent; color: #000000; font-family: Arial; font-size: 12pt; white-space: pre-wrap; text-align: justify;\">Feliu interpretou esta elei&ccedil;&atilde;o como a revolta de um povo assolado por governos h&iacute;bridos e corruptos, um impulso popular que mostrava a soberania ucraniana, que tirou do poder Poroshenko que deixou um legado in&uacute;til motivado por combater a R&uacute;ssia e conseguir apoio ocidental. </span></p>\r\n<p><span style=\"background-color: transparent; color: #000000; font-family: Arial; font-size: 12pt; white-space: pre-wrap; text-align: justify;\">O escritor evidenciou que o resultado esperado dependeria do Rada (parlamento) e do primeiro-ministro, entretanto acreditava que estaria por ser eleito um &ldquo;un candidato cr&iacute;tico, dispuesto a retomar el di&aacute;logo con Rusia y que ha puesto algunas exigencias sociales en el primer plano&rdquo;<sup>9</sup>.</span></p>\r\n<p><span style=\"background-color: transparent; font-size: 12pt; font-family: Arial; color: #000000; font-variant-numeric: normal; font-variant-east-asian: normal; vertical-align: baseline; white-space: pre-wrap;\">Por&eacute;m, logo foi anunciado pelo governo estadunidense um novo acordo com a Ucr&acirc;nia, fornecendo ajuda militar de US$ 250 milh&otilde;es, destinados a refor&ccedil;ar as capacidades terrestres e navais do pa&iacute;s, </span><span style=\"background-color: transparent; font-size: 12pt; font-family: Arial; color: #000000; font-style: italic; font-variant-numeric: normal; font-variant-east-asian: normal; vertical-align: baseline; white-space: pre-wrap;\">inter alia, </span><span style=\"background-color: transparent; font-size: 12pt; font-family: Arial; color: #000000; font-variant-numeric: normal; font-variant-east-asian: normal; vertical-align: baseline; white-space: pre-wrap;\">refor&ccedil;ando militarmente o pa&iacute;s contra a R&uacute;ssia. Ao elevar a ajuda militar &agrave; Ucr&acirc;nia desde 2014 para US$ 1,5 bilh&atilde;o, evidencia-se que as pressuposi&ccedil;&otilde;es de Feliu n&atilde;o se realizaram, atualmente a Ucr&acirc;nia ainda mant&eacute;m estreitas liga&ccedil;&otilde;es com os Estados Unidos. </span></p>\r\n<p><span style=\"background-color: transparent; font-size: 12pt; font-family: Arial; color: #000000; font-variant-numeric: normal; font-variant-east-asian: normal; vertical-align: baseline; white-space: pre-wrap;\">Segundo Washington, a ajuda permitiria a compra de armas e radares para o ex&eacute;rcito ucraniano, que luta contra separatistas pr&oacute;-R&uacute;ssia no leste do pa&iacute;s. Os EUA alegam o ostensivo apoio da R&uacute;ssia aos separatistas, como a pr&oacute;pria Ucr&acirc;nia apontou. Nota-se, ainda, que as liga&ccedil;&otilde;es do atual governo com a R&uacute;ssia n&atilde;o s&atilde;o boas atualmente, como &eacute; de se esperar. Mike Pompeo, secret&aacute;rio de estado dos EUA explicitou no m&ecirc;s de junho de 2020 que \"os Estados Unidos veem que a luta da Ucr&acirc;nia pela liberdade, democracia e prosperidade &eacute; uma luta corajosa. Nosso compromisso de apoiar (essa luta) n&atilde;o cessar&aacute;\"<sup>10</sup></span><span style=\"background-color: transparent; font-size: 12pt; font-family: Arial; color: #000000; font-variant-numeric: normal; font-variant-east-asian: normal; vertical-align: baseline; white-space: pre-wrap;\">.</span></p>\r\n<p><span style=\"background-color: transparent; color: #000000; font-family: Arial; font-size: 12pt; white-space: pre-wrap;\">Segundo Pompeo, o apoio estadunidense visa t&atilde;o somente a garantia da liberdade e soberania, bem como da integridade territorial ucraniana. </span></p>\r\n<p><span style=\"background-color: transparent; color: #000000; font-family: Arial; font-size: 12pt; white-space: pre-wrap;\">N&atilde;o &eacute; a primeira, e certamente n&atilde;o ser&aacute; a &uacute;ltima vez, que uma autoridade norte-americana levanta a voz em nome da liberdade e soberania de algum povo. A no&ccedil;&atilde;o de soberania dos EUA para com as demais na&ccedil;&otilde;es &eacute; muito discutida por Bandeira, principalmente em seu livro &ldquo;A Segunda Guerra Fria&rdquo;. </span></p>\r\n<p><span style=\"background-color: transparent; color: #000000; font-family: Arial; font-size: 12pt; white-space: pre-wrap; text-align: justify;\">Claramente faz-se necess&aacute;rio colocar em perspectiva a narrativa do apoio b&eacute;lico e pol&iacute;tico por raz&otilde;es de soberania. Ainda mais se entendermos por soberania a garantia de uma na&ccedil;&atilde;o de ter poder sobre seu pr&oacute;prio destino.&nbsp;</span></p>\r\n<p><span id=\"docs-internal-guid-c53f149a-7fff-45b1-da66-73b9e750d4f6\"><span style=\"font-size: 12pt; font-family: Arial; color: #000000; background-color: transparent; font-variant-numeric: normal; font-variant-east-asian: normal; vertical-align: baseline; white-space: pre-wrap;\">N&atilde;o precisamos ir longe para problematizar a quest&atilde;o, o esc&acirc;ndalo mais recente sob Donald Trump, que ficou conhecido como </span><span style=\"font-size: 12pt; font-family: Arial; color: #000000; background-color: transparent; font-style: italic; font-variant-numeric: normal; font-variant-east-asian: normal; vertical-align: baseline; white-space: pre-wrap;\">Ukrainegate<sup>11</sup></span><span style=\"font-size: 12pt; font-family: Arial; color: #000000; background-color: transparent; font-style: italic; font-variant-numeric: normal; font-variant-east-asian: normal; vertical-align: baseline; white-space: pre-wrap;\">, </span><span style=\"font-size: 12pt; font-family: Arial; color: #000000; background-color: transparent; font-variant-numeric: normal; font-variant-east-asian: normal; vertical-align: baseline; white-space: pre-wrap;\">demonstra o uso do poder econ&ocirc;mico dos Estados Unidos em benef&iacute;cio pr&oacute;prio de Trump, que criou um ardiloso jogo de chantagem &agrave; Ucr&acirc;nia. </span></span></p>\r\n<p><span style=\"background-color: transparent; color: #000000; font-family: Arial; font-size: 12pt; white-space: pre-wrap;\">O caso em quest&atilde;o aponta que o embaixador dos Estados Unidos na Uni&atilde;o Europeia teria, por press&atilde;o de Trump, dito a um alto conselheiro do presidente ucraniano, Volodymyr Zelensky, que a ajuda militar americana provavelmente n&atilde;o seria enviada at&eacute; que Kiev (capital da Ucr&acirc;nia) deixasse claro que investigaria os la&ccedil;os de Biden e seu filho com a empresa de energia ucraniana Burisma. Joe Biden, eleito 47&ordm; presidente dos EUA pelo partido democrata em novembro, j&aacute; era naquela altura um dos principais advers&aacute;rios de Trump na corrida pela presid&ecirc;ncia dos EUA, e&nbsp; poderia ser afetado pela investiga&ccedil;&atilde;o. </span></p>\r\n<p><span style=\"background-color: transparent; color: #000000; font-family: Arial; font-size: 12pt; white-space: pre-wrap; text-align: justify;\">Pelo que vimos a Ucr&acirc;nia &eacute; um dos personagens mais instigantes e um centro de disc&oacute;rdia entre R&uacute;ssia e Estados Unidos, por isso &eacute; de todo interesse &agrave; teoria da segunda guerra fria. </span></p>\r\n<p><span style=\"background-color: transparent; color: #000000; font-family: Arial; font-size: 12pt; white-space: pre-wrap; text-align: justify;\">Possuir uma rela&ccedil;&atilde;o pr&oacute;xima a este pa&iacute;s europeu significa muitas coisas, seja pelos recursos naturais ou pela localiza&ccedil;&atilde;o geoestrat&eacute;gica. Ambas pot&ecirc;ncias nucleares usam em seu rol de justificativas para suas a&ccedil;&otilde;es a quest&atilde;o humanit&aacute;ria, a defesa dos cidad&atilde;os e a garantia da soberania ucraniana. </span></p>\r\n<p><span style=\"background-color: transparent; color: #000000; font-family: Arial; font-size: 12pt; white-space: pre-wrap; text-align: justify;\">Entretanto, ao passo que os Estados Unidos apoiam e desejam uma Ucr&acirc;nia pr&oacute;-ocidente, a pr&oacute;pria condi&ccedil;&atilde;o ucraniana dificulta a transi&ccedil;&atilde;o da esfera russa para a ocidental/norte-americana. Esta condi&ccedil;&atilde;o atrela-se h&aacute; anos de rela&ccedil;&otilde;es e depend&ecirc;ncia da Ucr&acirc;nia com a R&uacute;ssia, que comprava seus produtos b&eacute;licos dentre outros, bem como concedia taxas mais baratas na aquisi&ccedil;&atilde;o de g&aacute;s. </span></p>\r\n<p><span style=\"background-color: transparent; color: #000000; font-family: Arial; font-size: 12pt; white-space: pre-wrap; text-align: justify;\">Assim, quando a Ucr&acirc;nia come&ccedil;ou a se voltar para uma &oacute;tica ocidental, logo a R&uacute;ssia imp&ocirc;s cotas, controles e tarifas &agrave; Ucr&acirc;nia, gerando uma queda de 25% em suas exporta&ccedil;&otilde;es desde 2013. Sair da &oacute;rbita Russa significou estagna&ccedil;&atilde;o econ&ocirc;mica, um dos fatores tamb&eacute;m decisivos para entender a crise pol&iacute;tica interna.</span></p>\r\n<p><span style=\"background-color: transparent; color: #000000; font-family: Arial; font-size: 12pt; white-space: pre-wrap; text-align: justify;\">Exemplo claro desta din&acirc;mica econ&ocirc;mica est&aacute; nos setores b&eacute;licos da Ucr&acirc;nia, que produziam tanques e m&iacute;sseis bal&iacute;sticos para R&uacute;ssia, chamada assim de &ldquo;a chave da cadeia de suprimentos da ind&uacute;stria de defesa russa&rdquo;<sup>12</sup>. </span></p>\r\n<p><span style=\"background-color: transparent; color: #000000; font-family: Arial; font-size: 12pt; white-space: pre-wrap; text-align: justify;\">Ap&oacute;s a mudan&ccedil;a do eixo geopol&iacute;tico esse setor viu-se numa complicada situa&ccedil;&atilde;o. A volta da Ucr&acirc;nia &agrave; esfera de influ&ecirc;ncia dos Estados Unidos tamb&eacute;m n&atilde;o significou a atra&ccedil;&atilde;o de investimentos e capitais, &ldquo;os investidores europeus e americanos estavam preocupados em lidar com um pa&iacute;s em estado de guerra, com infraestrutura em ru&iacute;nas e corrup&ccedil;&atilde;o generalizada&rdquo;<sup>13</sup>.</span></p>\r\n<p><span style=\"background-color: transparent; color: #000000; font-family: Arial; font-size: 12pt; white-space: pre-wrap;\">Este &eacute; o dilema ucraniano, uma economia fundada no princ&iacute;pio pr&oacute;-russo, quando voltada para o Ocidente, sofre grandes perdas, passando a depender do FMI e de recursos norte-americanos. De qualquer maneira, as pot&ecirc;ncias em disputa demonstram que at&eacute; o vigente momento o discurso bilateral de &ldquo;proteger a soberania e os cidad&atilde;os ucranianos&rdquo; ficou apenas na orat&oacute;ria.</span></p>\r\n<p><a class=\"btn btn-primary color-collapse\" role=\"button\" href=\"#referencia\" data-bs-toggle=\"collapse\" aria-expanded=\"false\" aria-controls=\"referencia\">Refer&ecirc;ncias</a> <button class=\"btn btn-primary color-collapse\" type=\"button\" data-bs-toggle=\"collapse\" data-bs-target=\"#curadoria\" aria-expanded=\"false\" aria-controls=\"curadoria\">Curadoria</button></p>\r\n<div class=\"row\">\r\n<div class=\"col-12 mb-2\">\r\n<div id=\"referencia\" class=\"collapse multi-collapse \">\r\n<div class=\"card card-body\">\r\n<p class=\"card-text\">1- BANDEIRA, 2018b, p.308.</p>\r\n</div>\r\n<div class=\"card card-body\">2- BANDEIRA, 2018b, p.310.</div>\r\n<div class=\"card card-body\">3- BANDEIRA, 2018b,p.314.</div>\r\n<div class=\"card card-body\">4- BANDEIRA,2018b,p.327.</div>\r\n<div class=\"card card-body\">5- MATSIYEVSKY, Yuriy. Ukraine\'s Regime Dynamics since the 2014 Revolution.</div>\r\n<div class=\"card card-body\">6- Ibidem.</div>\r\n<div class=\"card card-body\">7- Ibidem.</div>\r\n<div class=\"card card-body\">\r\n<p class=\"card-text\">8- FELIU, R.P. La lecci&oacute;n ucraniana. Rebelion, Abri. 2019. Dispon&iacute;vel em: &nbsp;<a style=\"text-decoration-line: none;\" href=\"https://rebelion.org/la-leccion-ucraniana/\"><span style=\"font-size: 10pt!important; font-family: Arial; color: #1155cc; background-color: transparent; font-variant-numeric: normal; font-variant-east-asian: normal; text-decoration-line: underline; text-decoration-skip-ink: none; vertical-align: baseline; white-space: pre-wrap;\">Clique Aqui</span></a><span style=\"background-color: transparent; font-size: 10pt; font-family: Arial; color: #000000; font-variant-numeric: normal; font-variant-east-asian: normal; vertical-align: baseline; white-space: pre-wrap;\">. </span> Acesso em: 26 de Abril de 2020.</p>\r\n</div>\r\n<div class=\"card card-body\">9- Ibidem.</div>\r\n<div class=\"card card-body\">\r\n<p class=\"card-text\">10- MARTIN,Jacquelyn. Pompeo ressalta apoio dos EUA &agrave; Ucr&acirc;nia e prev&ecirc; rela&ccedil;&otilde;es ampliadas.R7, Jul. 2019. Dispon&iacute;vel em: <a style=\"text-decoration-line: none;\" href=\"https://noticias.r7.com/internacional/pompeo-ressalta-apoio-dos-eua-a-ucrania-e-preve-relacoes-ampliadas-31012020\"><span style=\"font-size: 10pt!important; font-family: Arial; color: #1155cc; background-color: transparent; font-variant-numeric: normal; font-variant-east-asian: normal; text-decoration-line: underline; text-decoration-skip-ink: none; vertical-align: baseline; white-space: pre-wrap;\">Clique Aqui</span></a><span style=\"background-color: transparent; font-size: 10pt; font-family: Arial; color: #000000; font-variant-numeric: normal; font-variant-east-asian: normal; vertical-align: baseline; white-space: pre-wrap;\">. </span> Acesso em: 28 de Maio de 2020.</p>\r\n</div>\r\n<div class=\"card card-body\">\r\n<p class=\"card-text\">11- SEVASTOPULO, Demetri; WILLIAMS, Aime; OLEARCHYK, Roman. Ukrainegate: a guide to the US impeachment inquiry. Financial times. 8 de Dezembro de 2019. Dispon&iacute;vel em: <a style=\"text-decoration-line: none;\" href=\"https://www.ft.com/content/22bbbeb8-e449-11e9-9743-db5a370481bc\"><span style=\"font-size: 10pt!important; font-family: Arial; color: #1155cc; background-color: transparent; font-variant-numeric: normal; font-variant-east-asian: normal; text-decoration-line: underline; text-decoration-skip-ink: none; vertical-align: baseline; white-space: pre-wrap;\">Clique Aqui</span></a><span style=\"background-color: transparent; font-size: 10pt; font-family: Arial; color: #000000; font-variant-numeric: normal; font-variant-east-asian: normal; vertical-align: baseline; white-space: pre-wrap;\">. </span> Acesso em 08/01/21.</p>\r\n</div>\r\n<div class=\"card card-body\">\r\n<p class=\"card-text\">12- TROIANOVISKI, Anton. At a Ukrainian aircraft engine factory, China&rsquo;s military finds a cash-hungry partner. The Washington Post, Mai.2019. Dispon&iacute;vel em: <a style=\"text-decoration-line: none;\" href=\"https://www.washingtonpost.com/world/europe/at-a-ukrainian-aircraft-engine-factory-chinas-military-finds-a-cash-hungry-partner/2019/05/20/ceb0a548-6042-11e9-bf24-db4b9fb62aa2_story.html\"><span style=\"font-size: 10pt!important; font-family: Arial; color: #1155cc; background-color: transparent; font-variant-numeric: normal; font-variant-east-asian: normal; text-decoration-line: underline; text-decoration-skip-ink: none; vertical-align: baseline; white-space: pre-wrap;\">Clique Aqui</span></a><span style=\"background-color: transparent; font-size: 10pt; font-family: Arial; color: #000000; font-variant-numeric: normal; font-variant-east-asian: normal; vertical-align: baseline; white-space: pre-wrap;\">. </span> Acesso em: 26 de Abril de 2020..</p>\r\n</div>\r\n<div class=\"card card-body\">13- Ibidem.</div>\r\n</div>\r\n<div class=\"col-12\">\r\n<div id=\"curadoria\" class=\"collapse multi-collapse \">\r\n<div class=\"card card-body\">1- FERNANDES, Ricardo Cabral. Os Estados Unidos e a transi&ccedil;&atilde;o para a multipolaridade: a crise na Ucr&acirc;nia. Rela&ccedil;&otilde;es Internacionais (R: I), n. 45, p. 25-43, 2015.</div>\r\n</div>\r\n</div>\r\n</div>\r\n</div>', 'pages\\July2021\\gqsZa8zRgopPvF2A8hF4.jpg', 'anexacao-da-crimeia', 'Ucrania', 'Ucrania', 'ACTIVE', '2021-07-14 21:34:06', '2021-08-05 00:44:26');

-- --------------------------------------------------------

--
-- Estrutura da tabela `password_resets`
--

CREATE TABLE `password_resets` (
  `email` varchar(191) COLLATE utf8mb4_unicode_ci NOT NULL,
  `token` varchar(191) COLLATE utf8mb4_unicode_ci NOT NULL,
  `created_at` timestamp NULL DEFAULT NULL
) ENGINE=InnoDB DEFAULT CHARSET=utf8mb4 COLLATE=utf8mb4_unicode_ci;

-- --------------------------------------------------------

--
-- Estrutura da tabela `permissions`
--

CREATE TABLE `permissions` (
  `id` bigint(20) UNSIGNED NOT NULL,
  `key` varchar(191) COLLATE utf8mb4_unicode_ci NOT NULL,
  `table_name` varchar(191) COLLATE utf8mb4_unicode_ci DEFAULT NULL,
  `created_at` timestamp NULL DEFAULT NULL,
  `updated_at` timestamp NULL DEFAULT NULL
) ENGINE=InnoDB DEFAULT CHARSET=utf8mb4 COLLATE=utf8mb4_unicode_ci;

--
-- Extraindo dados da tabela `permissions`
--

INSERT INTO `permissions` (`id`, `key`, `table_name`, `created_at`, `updated_at`) VALUES
(1, 'browse_admin', NULL, '2021-02-19 01:15:08', '2021-02-19 01:15:08'),
(2, 'browse_bread', NULL, '2021-02-19 01:15:08', '2021-02-19 01:15:08'),
(3, 'browse_database', NULL, '2021-02-19 01:15:08', '2021-02-19 01:15:08'),
(4, 'browse_media', NULL, '2021-02-19 01:15:08', '2021-02-19 01:15:08'),
(5, 'browse_compass', NULL, '2021-02-19 01:15:08', '2021-02-19 01:15:08'),
(6, 'browse_menus', 'menus', '2021-02-19 01:15:08', '2021-02-19 01:15:08'),
(7, 'read_menus', 'menus', '2021-02-19 01:15:08', '2021-02-19 01:15:08'),
(8, 'edit_menus', 'menus', '2021-02-19 01:15:08', '2021-02-19 01:15:08'),
(9, 'add_menus', 'menus', '2021-02-19 01:15:08', '2021-02-19 01:15:08'),
(10, 'delete_menus', 'menus', '2021-02-19 01:15:08', '2021-02-19 01:15:08'),
(11, 'browse_roles', 'roles', '2021-02-19 01:15:08', '2021-02-19 01:15:08'),
(12, 'read_roles', 'roles', '2021-02-19 01:15:08', '2021-02-19 01:15:08'),
(13, 'edit_roles', 'roles', '2021-02-19 01:15:08', '2021-02-19 01:15:08'),
(14, 'add_roles', 'roles', '2021-02-19 01:15:08', '2021-02-19 01:15:08'),
(15, 'delete_roles', 'roles', '2021-02-19 01:15:08', '2021-02-19 01:15:08'),
(16, 'browse_users', 'users', '2021-02-19 01:15:08', '2021-02-19 01:15:08'),
(17, 'read_users', 'users', '2021-02-19 01:15:08', '2021-02-19 01:15:08'),
(18, 'edit_users', 'users', '2021-02-19 01:15:08', '2021-02-19 01:15:08'),
(19, 'add_users', 'users', '2021-02-19 01:15:08', '2021-02-19 01:15:08'),
(20, 'delete_users', 'users', '2021-02-19 01:15:08', '2021-02-19 01:15:08'),
(21, 'browse_settings', 'settings', '2021-02-19 01:15:08', '2021-02-19 01:15:08'),
(22, 'read_settings', 'settings', '2021-02-19 01:15:09', '2021-02-19 01:15:09'),
(23, 'edit_settings', 'settings', '2021-02-19 01:15:09', '2021-02-19 01:15:09'),
(24, 'add_settings', 'settings', '2021-02-19 01:15:09', '2021-02-19 01:15:09'),
(25, 'delete_settings', 'settings', '2021-02-19 01:15:09', '2021-02-19 01:15:09'),
(26, 'browse_categories', 'categories', '2021-02-19 01:15:14', '2021-02-19 01:15:14'),
(27, 'read_categories', 'categories', '2021-02-19 01:15:14', '2021-02-19 01:15:14'),
(28, 'edit_categories', 'categories', '2021-02-19 01:15:14', '2021-02-19 01:15:14'),
(29, 'add_categories', 'categories', '2021-02-19 01:15:14', '2021-02-19 01:15:14'),
(30, 'delete_categories', 'categories', '2021-02-19 01:15:14', '2021-02-19 01:15:14'),
(31, 'browse_posts', 'posts', '2021-02-19 01:15:15', '2021-02-19 01:15:15'),
(32, 'read_posts', 'posts', '2021-02-19 01:15:15', '2021-02-19 01:15:15'),
(33, 'edit_posts', 'posts', '2021-02-19 01:15:16', '2021-02-19 01:15:16'),
(34, 'add_posts', 'posts', '2021-02-19 01:15:16', '2021-02-19 01:15:16'),
(35, 'delete_posts', 'posts', '2021-02-19 01:15:16', '2021-02-19 01:15:16'),
(36, 'browse_pages', 'pages', '2021-02-19 01:15:16', '2021-02-19 01:15:16'),
(37, 'read_pages', 'pages', '2021-02-19 01:15:16', '2021-02-19 01:15:16'),
(38, 'edit_pages', 'pages', '2021-02-19 01:15:16', '2021-02-19 01:15:16'),
(39, 'add_pages', 'pages', '2021-02-19 01:15:17', '2021-02-19 01:15:17'),
(40, 'delete_pages', 'pages', '2021-02-19 01:15:17', '2021-02-19 01:15:17'),
(41, 'browse_hooks', NULL, '2021-02-19 01:15:19', '2021-02-19 01:15:19');

-- --------------------------------------------------------

--
-- Estrutura da tabela `permission_role`
--

CREATE TABLE `permission_role` (
  `permission_id` bigint(20) UNSIGNED NOT NULL,
  `role_id` bigint(20) UNSIGNED NOT NULL
) ENGINE=InnoDB DEFAULT CHARSET=utf8mb4 COLLATE=utf8mb4_unicode_ci;

--
-- Extraindo dados da tabela `permission_role`
--

INSERT INTO `permission_role` (`permission_id`, `role_id`) VALUES
(1, 1),
(2, 1),
(3, 1),
(4, 1),
(5, 1),
(6, 1),
(7, 1),
(8, 1),
(9, 1),
(10, 1),
(11, 1),
(12, 1),
(13, 1),
(14, 1),
(15, 1),
(16, 1),
(17, 1),
(18, 1),
(19, 1),
(20, 1),
(21, 1),
(22, 1),
(23, 1),
(24, 1),
(25, 1),
(26, 1),
(27, 1),
(28, 1),
(29, 1),
(30, 1),
(31, 1),
(32, 1),
(33, 1),
(34, 1),
(35, 1),
(36, 1),
(36, 2),
(37, 1),
(37, 2),
(38, 1),
(39, 1),
(39, 2),
(40, 1);

-- --------------------------------------------------------

--
-- Estrutura da tabela `posts`
--

CREATE TABLE `posts` (
  `id` int(10) UNSIGNED NOT NULL,
  `author_id` int(11) NOT NULL,
  `category_id` int(11) DEFAULT NULL,
  `title` varchar(191) COLLATE utf8mb4_unicode_ci NOT NULL,
  `seo_title` varchar(191) COLLATE utf8mb4_unicode_ci DEFAULT NULL,
  `excerpt` text COLLATE utf8mb4_unicode_ci,
  `body` text COLLATE utf8mb4_unicode_ci NOT NULL,
  `image` varchar(191) COLLATE utf8mb4_unicode_ci DEFAULT NULL,
  `slug` varchar(191) COLLATE utf8mb4_unicode_ci NOT NULL,
  `meta_description` text COLLATE utf8mb4_unicode_ci,
  `meta_keywords` text COLLATE utf8mb4_unicode_ci,
  `status` enum('PUBLISHED','DRAFT','PENDING') COLLATE utf8mb4_unicode_ci NOT NULL DEFAULT 'DRAFT',
  `featured` tinyint(1) NOT NULL DEFAULT '0',
  `created_at` timestamp NULL DEFAULT NULL,
  `updated_at` timestamp NULL DEFAULT NULL
) ENGINE=InnoDB DEFAULT CHARSET=utf8mb4 COLLATE=utf8mb4_unicode_ci;

--
-- Extraindo dados da tabela `posts`
--

INSERT INTO `posts` (`id`, `author_id`, `category_id`, `title`, `seo_title`, `excerpt`, `body`, `image`, `slug`, `meta_description`, `meta_keywords`, `status`, `featured`, `created_at`, `updated_at`) VALUES
(1, 1, 4, 'Anexação ou Reintegração?', NULL, 'Como o emprego das palavras podem mostrar lados diferentes de uma mesma história.', '<p dir=\"ltr\" style=\"line-height: 1.7999999999999998; text-align: justify; margin-top: 0pt; margin-bottom: 0pt;\"><span style=\"font-size: 12pt; font-family: Arial; color: #000000; background-color: transparent; font-weight: 400; font-style: normal; font-variant: normal; text-decoration: none; vertical-align: baseline; white-space: pre-wrap;\">Adentrando um campo mais lingu&iacute;stico, o emprego das palavras para tratar da reintegra&ccedil;&atilde;o/anexa&ccedil;&atilde;o da Crimeia, e aqui nota-se o cerne da quest&atilde;o, &eacute; denominado pela R&uacute;ssia e pelos EUA de forma diferente, e este fen&ocirc;meno expresso por meio da l&iacute;ngua revela e muito, quest&otilde;es por tr&aacute;s deste epis&oacute;dio geopol&iacute;tico.</span></p>\r\n<p dir=\"ltr\" style=\"line-height: 1.7999999999999998; text-align: justify; margin-top: 0pt; margin-bottom: 0pt;\">&nbsp;</p>\r\n<p dir=\"ltr\" style=\"line-height: 1.7999999999999998; text-align: justify; margin-top: 0pt; margin-bottom: 0pt;\"><span style=\"font-size: 12pt; font-family: Arial; color: #000000; background-color: transparent; font-weight: 400; font-style: normal; font-variant: normal; text-decoration: none; vertical-align: baseline; white-space: pre-wrap;\">Numa vis&atilde;o russa, a Ucr&acirc;nia por falar em sua maioria russo, mais precisamente 80% da popula&ccedil;&atilde;o em 2012, 87% dos livros e 72% dos programas tamb&eacute;m eram transmitidos e editados em Russo, para al&eacute;m de sua integra&ccedil;&atilde;o econ&ocirc;mica, cultural, como Kissinger preponderou </span><span style=\"font-size: 12pt; font-family: Arial; color: #000000; background-color: transparent; font-weight: 400; font-style: italic; font-variant: normal; text-decoration: none; vertical-align: baseline; white-space: pre-wrap;\">&ldquo;the West must understand that, to Russia, Ukraine can never be just a foreing country&rdquo; </span><span style=\"font-size: 12pt; font-family: Arial; color: #000000; background-color: transparent; font-weight: 400; font-style: normal; font-variant: normal; text-decoration: none; vertical-align: baseline; white-space: pre-wrap;\">(BANDEIRA,2016,p.267), usou o termo reintegra&ccedil;&atilde;o. </span></p>\r\n<p dir=\"ltr\" style=\"line-height: 1.7999999999999998; text-align: justify; margin-top: 0pt; margin-bottom: 0pt;\">&nbsp;</p>\r\n<p dir=\"ltr\" style=\"line-height: 1.7999999999999998; text-align: justify; margin-top: 0pt; margin-bottom: 0pt;\"><span style=\"font-size: 12pt; font-family: Arial; color: #000000; background-color: transparent; font-weight: 400; font-style: normal; font-variant: normal; text-decoration: none; vertical-align: baseline; white-space: pre-wrap;\">Entretanto, na vis&atilde;o ocidental/estadunidense a Ucr&acirc;nia &eacute; um pa&iacute;s que precisa ser, e legalmente &eacute; desanexado da R&uacute;ssia, bem como independente. Portanto, usou-se o termo anexa&ccedil;&atilde;o, algo que soa mais agressivo quando comparado &agrave; reintegra&ccedil;&atilde;o, que explicaria a vis&atilde;o russa.&nbsp;</span></p>\r\n<p dir=\"ltr\" style=\"line-height: 1.7999999999999998; text-align: justify; margin-top: 0pt; margin-bottom: 0pt;\">&nbsp;</p>\r\n<p dir=\"ltr\" style=\"line-height: 1.7999999999999998; text-align: justify; margin-top: 0pt; margin-bottom: 0pt;\"><span style=\"font-size: 12pt; font-family: Arial; color: #000000; background-color: transparent; font-weight: 400; font-style: normal; font-variant: normal; text-decoration: none; vertical-align: baseline; white-space: pre-wrap;\">A linguagem, o discurso, s&atilde;o a nossa maneira primordial de decodificar e representar a realidade, j&aacute; que a mesma por si s&oacute; n&atilde;o pode ser realmente, aqui se referindo a uma verdade universal, experienciada. A experi&ecirc;ncia passa por uma media&ccedil;&atilde;o que se d&aacute; pelo discurso </span><span style=\"font-size: 12pt; font-family: Arial; color: #000000; background-color: transparent; font-weight: 400; font-style: italic; font-variant: normal; text-decoration: none; vertical-align: baseline; white-space: pre-wrap;\">inter alia</span><span style=\"font-size: 12pt; font-family: Arial; color: #000000; background-color: transparent; font-weight: 400; font-style: normal; font-variant: normal; text-decoration: none; vertical-align: baseline; white-space: pre-wrap;\"> cultura:&nbsp;</span></p>\r\n<p><strong style=\"font-weight: normal;\">&nbsp;</strong></p>\r\n<p class=\"citacao\" dir=\"ltr\" style=\"line-height: 1.2; margin-left: 113.4pt; text-align: justify; margin-top: 0pt; margin-bottom: 0pt;\"><span style=\"font-size: 10pt; font-family: Arial; color: #000000; background-color: transparent; font-weight: 400; font-style: normal; font-variant: normal; text-decoration: none; vertical-align: baseline; white-space: pre-wrap;\">Quando o sujeito imerge na corrente da comunica&ccedil;&atilde;o discursiva, o faz a partir das situa&ccedil;&otilde;es a que &eacute; exposto e em que est&aacute; inserido. Por isso, a realidade apresentada mediante a linguagem &eacute; uma realidade semiotizada, valorada, que passou pelo crivo da avalia&ccedil;&atilde;o de outros. Quando tratamos de um objeto, voltamos nosso olhar para os discursos que o circundam e n&atilde;o para a realidade em si mesma. &Eacute; nesse sentido que se afirma que os sentidos nascem dos di&aacute;logos entre formas de discursos passados e formas de discursos futuros.(SANTOS,2013,p.841).</span></p>\r\n<p><br /><span style=\"font-size: 12pt; font-family: Arial; color: #000000; background-color: transparent; font-variant-numeric: normal; font-variant-east-asian: normal; vertical-align: baseline; white-space: pre-wrap;\">Quando este mesmo epis&oacute;dio da anexa&ccedil;&atilde;o/reintegra&ccedil;&atilde;o &eacute; denominado por palavras diferentes, que d&atilde;o cabo de expressar percep&ccedil;&otilde;es da realidade de forma totalmente diferente, vemos a materializa&ccedil;&atilde;o desta teoria a respeito da percep&ccedil;&atilde;o da realidade. Cabe ent&atilde;o, fazer um paralelo que expressa cada vez mais a exist&ecirc;ncia desta Segunda Guerra Fria, j&aacute; que o discurso dos EUA e da URSS na Guerra Fria, bem como &eacute; o referente &agrave; Ucr&acirc;nia, demonstram vis&otilde;es diferentes a respeito do mesmo tema, usavam o discurso de &ldquo;conter o imperialismo americano&rdquo; ou &ldquo;conter o perigo vermelho&rdquo;, mais uma vez a mesma ambiguidade, quando se refere &agrave; percep&ccedil;&atilde;o da realidade</span><span style=\"font-size: 12pt; font-family: Arial; color: #000000; background-color: transparent; font-variant-numeric: normal; font-variant-east-asian: normal; vertical-align: baseline; white-space: pre-wrap;\">.</span></p>', 'posts\\March2021\\GLlUVJzNiWfoAdT6B5RH.jpg', 'anexacao-ou-reintegracao', 'This is the meta description', 'keyword1, keyword2, keyword3', 'PUBLISHED', 0, '2021-02-19 01:15:16', '2021-04-28 20:07:26'),
(6, 1, 5, 'O que é Geopolítica?', NULL, 'Entenda o que é a tão falada Geopolítica, sua abrangência e mais.', '<p dir=\"ltr\" style=\"line-height: 1.38; margin-top: 11pt; margin-bottom: 11pt;\"><span style=\"font-size: 12pt; font-family: Arial; color: #000000; background-color: transparent; font-variant-numeric: normal; font-variant-east-asian: normal; vertical-align: baseline; white-space: pre-wrap;\">Geopol&iacute;tica pode ser entendida como uma ramifica&ccedil;&atilde;o da geografia aplicada &agrave; pol&iacute;tica. Uma defini&ccedil;&atilde;o simples para uma introdu&ccedil;&atilde;o, uma breve perspectiva do que &eacute; a geopol&iacute;tica.&nbsp;</span></p>\r\n<p dir=\"ltr\" style=\"line-height: 1.38; margin-top: 11pt; margin-bottom: 11pt;\"><span style=\"font-size: 12pt; font-family: Arial; color: #000000; background-color: transparent; font-variant-numeric: normal; font-variant-east-asian: normal; vertical-align: baseline; white-space: pre-wrap;\">Isto porque a geopol&iacute;tica &eacute; um &aacute;rea muito interdisciplinar, ou seja, que faz uso de outras ci&ecirc;ncias para desenvolver seus estudos. O que acaba por dificultar uma defini&ccedil;&atilde;o exata. Dentre essas diversas disciplinas tem &ecirc;nfase a hist&oacute;ria, a economia e a ci&ecirc;ncia pol&iacute;tica.&nbsp;</span></p>\r\n<p dir=\"ltr\" style=\"line-height: 1.38; margin-top: 11pt; margin-bottom: 11pt;\"><span style=\"font-size: 12pt; font-family: Arial; color: #000000; background-color: transparent; font-variant-numeric: normal; font-variant-east-asian: normal; vertical-align: baseline; white-space: pre-wrap;\">Por mais que ela use essas diversas &aacute;reas do conhecimento o seu objetivo &eacute; sempre o mesmo. Entender como as quest&otilde;es geogr&aacute;ficas daquele espa&ccedil;o afetam as din&acirc;micas de poder, projetando a geografia nas atividades pol&iacute;ticas. E a hist&oacute;ria, a economia, entram nos assuntos geopol&iacute;ticos justamente para entender rela&ccedil;&otilde;es de poder, decis&otilde;es pol&iacute;ticas que podem parecer sem sentido, mas que t&ecirc;m um motivo de fundo.&nbsp;</span></p>\r\n<p dir=\"ltr\" style=\"line-height: 1.38; margin-top: 11pt; margin-bottom: 11pt;\"><span style=\"font-size: 12pt; font-family: Arial; color: #000000; background-color: transparent; font-variant-numeric: normal; font-variant-east-asian: normal; vertical-align: baseline; white-space: pre-wrap;\">Quando se diz rela&ccedil;&otilde;es de poder, ou ainda din&acirc;micas de poder, v&aacute;rias quest&otilde;es entram em jogo. Um exemplo &uacute;til para entender &eacute; a Guerra Fria, que &eacute; um claro exemplo de geopol&iacute;tica e geoestrat&eacute;gia. Uma competi&ccedil;&atilde;o internacional por poder, influ&ecirc;ncia, no caso entre os EUA e a Uni&atilde;o Sovi&eacute;tica, que se estendeu por um longo per&iacute;odo, com aliados e inimigos, e disputas que duram at&eacute; hoje.&nbsp;</span></p>\r\n<p dir=\"ltr\" style=\"line-height: 1.38; margin-top: 11pt; margin-bottom: 11pt;\"><span style=\"font-size: 12pt; font-family: Arial; color: #000000; background-color: transparent; font-variant-numeric: normal; font-variant-east-asian: normal; vertical-align: baseline; white-space: pre-wrap;\">Cabe lembrar que a geopol&iacute;tica e a geoestrat&eacute;gia est&atilde;o extremamente mescladas atualmente, sendo dif&iacute;cil distingui-las, como explica o General Pedro de Pezarat Correia, em uma das nossas refer&ecirc;ncias e indica&ccedil;&atilde;o de leitura. Uma das &uacute;nicas diferen&ccedil;as entre ambas &eacute; que a geoestrat&eacute;gia &eacute; focada no uso do espa&ccedil;o geogr&aacute;fico em tomadas de decis&otilde;es estrat&eacute;gicas para o uso da for&ccedil;a, como em uma guerra. Diferente da geopol&iacute;tica, que analisa quest&otilde;es geogr&aacute;ficas/pol&iacute;ticas que n&atilde;o necessariamente levam em conta uma for&ccedil;a b&eacute;lica.&nbsp;&nbsp;</span></p>\r\n<p dir=\"ltr\" style=\"line-height: 1.38; margin-top: 11pt; margin-bottom: 11pt;\"><span style=\"font-size: 12pt; font-family: Arial; color: #000000; background-color: transparent; font-variant-numeric: normal; font-variant-east-asian: normal; vertical-align: baseline; white-space: pre-wrap;\">Sendo assim, leiam as indica&ccedil;&otilde;es de leitura, e lembrem-se que a geopol&iacute;tica &eacute; uma &aacute;rea ampla, que estuda as rela&ccedil;&otilde;es internacionais, transladando de um lado para o outro do planeta. E que quase sempre leva em conta as rela&ccedil;&otilde;es de poder entre pa&iacute;ses, alian&ccedil;as, regi&otilde;es, etc. </span></p>\r\n<p><a class=\"btn btn-primary color-collapse\" role=\"button\" href=\"#referencia\" data-bs-toggle=\"collapse\" aria-expanded=\"false\" aria-controls=\"referencia\">Refer&ecirc;ncias e Curadoria</a></p>\r\n<div class=\"row\">\r\n<div class=\"col-12 mb-2\">\r\n<div id=\"referencia\" class=\"collapse multi-collapse \">\r\n<div class=\"card card-body\">VESENTINI, Jos&eacute; William. O que &eacute; Geopol&iacute;tica? E Geografia pol&iacute;tica. S&atilde;o Paulo: hipertexto. Dispon&iacute;vel em:&lt; http://www. geocritica. com. br/geopolitica. htm&gt;. Acesso em: junho, 2021.</div>\r\n<div class=\"card card-body\">CORREIA, Pedro de Pezarat. Geopol&iacute;tica e geoestrat&eacute;gia. Na&ccedil;&atilde;o e defesa, 2012</div>\r\n</div>\r\n</div>\r\n</div>', 'posts\\August2021\\Va3skyBhNHnCkqCZh6Yt.png', 'o-que-e-geopolitica', NULL, NULL, 'PUBLISHED', 0, '2021-03-05 20:49:24', '2021-08-05 06:07:23'),
(7, 1, 3, 'Cinema brasileiro', NULL, 'o cinema brasileiro passou por', '<p>o cinema brasileiro passou por o cinema brasileiro passou por o cinema brasileiro passou por o cinema brasileiro passou por o cinema brasileiro passou por o cinema brasileiro passou por o cinema brasileiro passou por&nbsp;</p>', 'posts\\March2021\\aTZz03PJimQNHFvYwgIe.jpg', 'cinema', NULL, NULL, 'PUBLISHED', 0, '2021-03-05 21:06:06', '2021-03-05 23:25:37'),
(9, 1, 5, 'Luiz Alberto Moniz Bandeira', NULL, 'Moniz Bandeira e seu legado paras ciências brasileira.', '<p><span id=\"docs-internal-guid-11a65e7d-7fff-b0c6-7e61-0fdde98b020e\"><span style=\"font-size: 12pt; font-family: Arial; color: #000000; background-color: transparent; font-variant-numeric: normal; font-variant-east-asian: normal; vertical-align: baseline; white-space: pre-wrap;\">Luiz Alberto Moniz Bandeira formou-se em direito, era doutor em Ci&ecirc;ncia Pol&iacute;tica pela USP e professor aposentado de hist&oacute;ria da pol&iacute;tica exterior do Brasil na Universidade de Bras&iacute;lia, bem como professor visitante de diversas universidades no mundo, passando pela Alemanha, Su&eacute;cia, Portugal e Argentina. J&aacute; como conferencista-visitante, Bandeira esteve em universidades na Europa, nos Estados Unidos e na Am&eacute;rica Latina. </span></span></p>\r\n<p><span id=\"docs-internal-guid-11a65e7d-7fff-b0c6-7e61-0fdde98b020e\"><span style=\"font-size: 12pt; font-family: Arial; color: #000000; background-color: transparent; font-variant-numeric: normal; font-variant-east-asian: normal; vertical-align: baseline; white-space: pre-wrap;\">Bandeira foi e permanece sendo um pioneiro no estudo das Rela&ccedil;&otilde;es Internacionais, e um grande estudioso da pol&iacute;tica exterior, com &ecirc;nfase na brasileira, nas latinos americanas em geral e na norte-americana. N&atilde;o &agrave; toa que em 2014 e em 2015 recebeu a indica&ccedil;&atilde;o ao Pr&ecirc;mio Nobel de Literatura, pela UBE (Uni&atilde;o Brasileira de Escritores), gra&ccedil;as ao seu trabalho como &ldquo;intelectual que vem pensando o Brasil h&aacute; mais de 50 anos&rdquo;. E anterior a essas indica&ccedil;&otilde;es, no ano de 2006, foi eleito pela UBE Intelectual do Ano de 2005, onde ganhou o Trof&eacute;u Juca Pato, pela obra Forma&ccedil;&atilde;o do Imp&eacute;rio Americano, um c&acirc;none de Bandeira. </span></span></p>\r\n<p><span style=\"font-size: 12pt; font-family: Arial; color: #000000; background-color: transparent; font-variant-numeric: normal; font-variant-east-asian: normal; vertical-align: baseline; white-space: pre-wrap;\"><img class=\"img-fluid img-fluid-responsive\" src=\"http://localhost:8000/storage/posts/August2021/Bandeira-com-edicao.png\" alt=\"\" /></span><span style=\"font-size: 10pt!important; font-family: Arial; color: #000000; background-color: transparent; font-variant-numeric: normal; font-variant-east-asian: normal; vertical-align: baseline; white-space: pre-wrap;\"><span style=\"color: #000000; font-family: Arial;\"><span style=\"font-size: 13px!important; white-space: pre-wrap; display: block;\">Foto: Valter Pomar</span></span></span></p>\r\n<p><span id=\"docs-internal-guid-11a65e7d-7fff-b0c6-7e61-0fdde98b020e\"><span style=\"font-size: 12pt; font-family: Arial; color: #000000; background-color: transparent; font-variant-numeric: normal; font-variant-east-asian: normal; vertical-align: baseline; white-space: pre-wrap;\">J&aacute; no ano de 2016 a UBE realizou um semin&aacute;rio, homenageando Bandeira com o tema &ldquo;80 anos de Moniz Bandeira&rdquo;, tendo a participa&ccedil;&atilde;o de grandes intelectuais do meio pol&iacute;tico, diplom&aacute;tico e acad&ecirc;mico como um todo. Infelizmente, no dia 10 de Novembro de 2017 veio a falecer, com 81 anos de idade. Deixando como heran&ccedil;a mais de vinte obras, publicadas em diversos pa&iacute;ses, al&eacute;m de uma importante trajet&oacute;ria pol&iacute;tica, tendo atuado na linha de frente contra a ditadura militar, em 1964, e sendo preso como muitos naquela infame &eacute;poca. </span></span></p>\r\n<p><span id=\"docs-internal-guid-11a65e7d-7fff-b0c6-7e61-0fdde98b020e\"><span style=\"font-size: 12pt; font-family: Arial; color: #000000; background-color: transparent; font-variant-numeric: normal; font-variant-east-asian: normal; vertical-align: baseline; white-space: pre-wrap;\">Bandeira &eacute; essencial para exist&ecirc;ncia desse site, pois &eacute; com base na sua pesquisa acad&ecirc;mica, mais precisamente em duas grandes obras geopol&iacute;ticas, que realizamos as an&aacute;lises geopol&iacute;ticas e geoestrat&eacute;gicas, vendo atrav&eacute;s de seu preciso prisma anal&iacute;tico o sistema internacional contempor&acirc;neo. </span></span></p>\r\n<p dir=\"ltr\" style=\"line-height: 1.2; margin-top: 11pt; margin-bottom: 0pt;\">&nbsp;</p>\r\n<p><span style=\"font-size: 12pt; font-family: Arial; font-variant-numeric: normal; font-variant-east-asian: normal; vertical-align: baseline; white-space: pre-wrap;\">&nbsp;</span></p>', 'posts\\August2021\\2svNdfvf1o2LHtfjLjKR.jpeg', 'luiz-alberto-moniz-bandeira', NULL, NULL, 'PUBLISHED', 0, '2021-05-03 02:11:24', '2021-08-08 03:17:54');

-- --------------------------------------------------------

--
-- Estrutura da tabela `roles`
--

CREATE TABLE `roles` (
  `id` bigint(20) UNSIGNED NOT NULL,
  `name` varchar(191) COLLATE utf8mb4_unicode_ci NOT NULL,
  `display_name` varchar(191) COLLATE utf8mb4_unicode_ci NOT NULL,
  `created_at` timestamp NULL DEFAULT NULL,
  `updated_at` timestamp NULL DEFAULT NULL
) ENGINE=InnoDB DEFAULT CHARSET=utf8mb4 COLLATE=utf8mb4_unicode_ci;

--
-- Extraindo dados da tabela `roles`
--

INSERT INTO `roles` (`id`, `name`, `display_name`, `created_at`, `updated_at`) VALUES
(1, 'admin', 'Administrator', '2021-02-19 01:15:08', '2021-02-19 01:15:08'),
(2, 'user', 'Normal User', '2021-02-19 01:15:08', '2021-02-19 01:15:08');

-- --------------------------------------------------------

--
-- Estrutura da tabela `settings`
--

CREATE TABLE `settings` (
  `id` int(10) UNSIGNED NOT NULL,
  `key` varchar(191) COLLATE utf8mb4_unicode_ci NOT NULL,
  `display_name` varchar(191) COLLATE utf8mb4_unicode_ci NOT NULL,
  `value` text COLLATE utf8mb4_unicode_ci,
  `details` text COLLATE utf8mb4_unicode_ci,
  `type` varchar(191) COLLATE utf8mb4_unicode_ci NOT NULL,
  `order` int(11) NOT NULL DEFAULT '1',
  `group` varchar(191) COLLATE utf8mb4_unicode_ci DEFAULT NULL
) ENGINE=InnoDB DEFAULT CHARSET=utf8mb4 COLLATE=utf8mb4_unicode_ci;

--
-- Extraindo dados da tabela `settings`
--

INSERT INTO `settings` (`id`, `key`, `display_name`, `value`, `details`, `type`, `order`, `group`) VALUES
(1, 'site.title', 'Site Title', 'Site Title', '', 'text', 1, 'Site'),
(2, 'site.description', 'Site Description', 'Site Description', '', 'text', 2, 'Site'),
(3, 'site.logo', 'Site Logo', '', '', 'image', 3, 'Site'),
(4, 'site.google_analytics_tracking_id', 'Google Analytics Tracking ID', NULL, '', 'text', 4, 'Site'),
(5, 'admin.bg_image', 'Admin Background Image', '', '', 'image', 5, 'Admin'),
(6, 'admin.title', 'Admin Title', 'Guerra Fria 2.0', '', 'text', 1, 'Admin'),
(7, 'admin.description', 'Admin Description', 'Análise da Geopolítica Contemporânea', '', 'text', 2, 'Admin'),
(8, 'admin.loader', 'Admin Loader', '', '', 'image', 3, 'Admin'),
(9, 'admin.icon_image', 'Admin Icon Image', '', '', 'image', 4, 'Admin'),
(10, 'admin.google_analytics_client_id', 'Google Analytics Client ID (used for admin dashboard)', NULL, '', 'text', 1, 'Admin');

-- --------------------------------------------------------

--
-- Estrutura da tabela `translations`
--

CREATE TABLE `translations` (
  `id` int(10) UNSIGNED NOT NULL,
  `table_name` varchar(191) COLLATE utf8mb4_unicode_ci NOT NULL,
  `column_name` varchar(191) COLLATE utf8mb4_unicode_ci NOT NULL,
  `foreign_key` int(10) UNSIGNED NOT NULL,
  `locale` varchar(191) COLLATE utf8mb4_unicode_ci NOT NULL,
  `value` text COLLATE utf8mb4_unicode_ci NOT NULL,
  `created_at` timestamp NULL DEFAULT NULL,
  `updated_at` timestamp NULL DEFAULT NULL
) ENGINE=InnoDB DEFAULT CHARSET=utf8mb4 COLLATE=utf8mb4_unicode_ci;

--
-- Extraindo dados da tabela `translations`
--

INSERT INTO `translations` (`id`, `table_name`, `column_name`, `foreign_key`, `locale`, `value`, `created_at`, `updated_at`) VALUES
(1, 'data_types', 'display_name_singular', 5, 'pt', 'Post', '2021-02-19 01:15:17', '2021-02-19 01:15:17'),
(2, 'data_types', 'display_name_singular', 6, 'pt', 'Página', '2021-02-19 01:15:17', '2021-02-19 01:15:17'),
(3, 'data_types', 'display_name_singular', 1, 'pt', 'Utilizador', '2021-02-19 01:15:17', '2021-02-19 01:15:17'),
(4, 'data_types', 'display_name_singular', 4, 'pt', 'Categoria', '2021-02-19 01:15:17', '2021-02-19 01:15:17'),
(5, 'data_types', 'display_name_singular', 2, 'pt', 'Menu', '2021-02-19 01:15:17', '2021-02-19 01:15:17'),
(6, 'data_types', 'display_name_singular', 3, 'pt', 'Função', '2021-02-19 01:15:17', '2021-02-19 01:15:17'),
(7, 'data_types', 'display_name_plural', 5, 'pt', 'Posts', '2021-02-19 01:15:17', '2021-02-19 01:15:17'),
(8, 'data_types', 'display_name_plural', 6, 'pt', 'Páginas', '2021-02-19 01:15:17', '2021-02-19 01:15:17'),
(9, 'data_types', 'display_name_plural', 1, 'pt', 'Utilizadores', '2021-02-19 01:15:17', '2021-02-19 01:15:17'),
(10, 'data_types', 'display_name_plural', 4, 'pt', 'Categorias', '2021-02-19 01:15:17', '2021-02-19 01:15:17'),
(11, 'data_types', 'display_name_plural', 2, 'pt', 'Menus', '2021-02-19 01:15:17', '2021-02-19 01:15:17'),
(12, 'data_types', 'display_name_plural', 3, 'pt', 'Funções', '2021-02-19 01:15:17', '2021-02-19 01:15:17'),
(13, 'categories', 'slug', 1, 'pt', 'categoria-1', '2021-02-19 01:15:17', '2021-02-19 01:15:17'),
(14, 'categories', 'name', 1, 'pt', 'Categoria 1', '2021-02-19 01:15:17', '2021-02-19 01:15:17'),
(15, 'categories', 'slug', 2, 'pt', 'categoria-2', '2021-02-19 01:15:17', '2021-02-19 01:15:17'),
(16, 'categories', 'name', 2, 'pt', 'Categoria 2', '2021-02-19 01:15:17', '2021-02-19 01:15:17'),
(17, 'pages', 'title', 1, 'pt', 'Olá Mundo', '2021-02-19 01:15:17', '2021-02-19 01:15:17'),
(18, 'pages', 'slug', 1, 'pt', 'ola-mundo', '2021-02-19 01:15:17', '2021-02-19 01:15:17'),
(19, 'pages', 'body', 1, 'pt', '<p>Olá Mundo. Scallywag grog swab Cat o\'nine tails scuttle rigging hardtack cable nipper Yellow Jack. Handsomely spirits knave lad killick landlubber or just lubber deadlights chantey pinnace crack Jennys tea cup. Provost long clothes black spot Yellow Jack bilged on her anchor league lateen sail case shot lee tackle.</p>\r\n<p>Ballast spirits fluke topmast me quarterdeck schooner landlubber or just lubber gabion belaying pin. Pinnace stern galleon starboard warp carouser to go on account dance the hempen jig jolly boat measured fer yer chains. Man-of-war fire in the hole nipperkin handsomely doubloon barkadeer Brethren of the Coast gibbet driver squiffy.</p>', '2021-02-19 01:15:17', '2021-02-19 01:15:17'),
(20, 'menu_items', 'title', 1, 'pt', 'Painel de Controle', '2021-02-19 01:15:17', '2021-02-19 01:15:17'),
(21, 'menu_items', 'title', 2, 'pt', 'Media', '2021-02-19 01:15:17', '2021-02-19 01:15:17'),
(22, 'menu_items', 'title', 12, 'pt', 'Publicações', '2021-02-19 01:15:18', '2021-02-19 01:15:18'),
(23, 'menu_items', 'title', 3, 'pt', 'Utilizadores', '2021-02-19 01:15:18', '2021-02-19 01:15:18'),
(24, 'menu_items', 'title', 11, 'pt', 'Categorias', '2021-02-19 01:15:18', '2021-02-19 01:15:18'),
(25, 'menu_items', 'title', 13, 'pt', 'Páginas', '2021-02-19 01:15:18', '2021-02-19 01:15:18'),
(26, 'menu_items', 'title', 4, 'pt', 'Funções', '2021-02-19 01:15:18', '2021-02-19 01:15:18'),
(27, 'menu_items', 'title', 5, 'pt', 'Ferramentas', '2021-02-19 01:15:18', '2021-02-19 01:15:18'),
(28, 'menu_items', 'title', 6, 'pt', 'Menus', '2021-02-19 01:15:18', '2021-02-19 01:15:18'),
(29, 'menu_items', 'title', 7, 'pt', 'Base de dados', '2021-02-19 01:15:18', '2021-02-19 01:15:18'),
(30, 'menu_items', 'title', 10, 'pt', 'Configurações', '2021-02-19 01:15:18', '2021-02-19 01:15:18');

-- --------------------------------------------------------

--
-- Estrutura da tabela `users`
--

CREATE TABLE `users` (
  `id` bigint(20) UNSIGNED NOT NULL,
  `role_id` bigint(20) UNSIGNED DEFAULT NULL,
  `name` varchar(191) COLLATE utf8mb4_unicode_ci NOT NULL,
  `email` varchar(191) COLLATE utf8mb4_unicode_ci NOT NULL,
  `avatar` varchar(191) COLLATE utf8mb4_unicode_ci DEFAULT 'users/default.png',
  `email_verified_at` timestamp NULL DEFAULT NULL,
  `password` varchar(191) COLLATE utf8mb4_unicode_ci NOT NULL,
  `remember_token` varchar(100) COLLATE utf8mb4_unicode_ci DEFAULT NULL,
  `settings` text COLLATE utf8mb4_unicode_ci,
  `created_at` timestamp NULL DEFAULT NULL,
  `updated_at` timestamp NULL DEFAULT NULL
) ENGINE=InnoDB DEFAULT CHARSET=utf8mb4 COLLATE=utf8mb4_unicode_ci;

--
-- Extraindo dados da tabela `users`
--

INSERT INTO `users` (`id`, `role_id`, `name`, `email`, `avatar`, `email_verified_at`, `password`, `remember_token`, `settings`, `created_at`, `updated_at`) VALUES
(1, 1, 'Admin', 'admin@admin.com', 'users/default.png', NULL, '$2y$10$X2CMjvd5BCW74PYSLLsPOek5lgLhVeqlwGmM.deET4ixX7CChTc6m', 'Gg96Qyik8Ff26sO5slLUAGbK1ohP4rnuTuRgml2QiRSYl1zSMcQn3VHmHQKU', '{\"locale\":\"pt_br\"}', '2021-02-19 01:15:15', '2021-02-23 01:54:38'),
(2, 2, 'Maria', 'maria@gmail.com', 'users/default.png', NULL, '$2y$10$ndlUDiUhu21GKLC7qAjwYeCSbwF6XaNNitykXvPHAAX7MY4IvHG/a', NULL, '{\"locale\":\"pt_br\"}', '2021-03-01 01:14:49', '2021-03-01 01:14:49');

-- --------------------------------------------------------

--
-- Estrutura da tabela `user_roles`
--

CREATE TABLE `user_roles` (
  `user_id` bigint(20) UNSIGNED NOT NULL,
  `role_id` bigint(20) UNSIGNED NOT NULL
) ENGINE=InnoDB DEFAULT CHARSET=utf8mb4 COLLATE=utf8mb4_unicode_ci;

--
-- Indexes for dumped tables
--

--
-- Indexes for table `categories`
--
ALTER TABLE `categories`
  ADD PRIMARY KEY (`id`),
  ADD UNIQUE KEY `categories_slug_unique` (`slug`),
  ADD KEY `categories_parent_id_foreign` (`parent_id`);

--
-- Indexes for table `data_rows`
--
ALTER TABLE `data_rows`
  ADD PRIMARY KEY (`id`),
  ADD KEY `data_rows_data_type_id_foreign` (`data_type_id`);

--
-- Indexes for table `data_types`
--
ALTER TABLE `data_types`
  ADD PRIMARY KEY (`id`),
  ADD UNIQUE KEY `data_types_name_unique` (`name`),
  ADD UNIQUE KEY `data_types_slug_unique` (`slug`);

--
-- Indexes for table `failed_jobs`
--
ALTER TABLE `failed_jobs`
  ADD PRIMARY KEY (`id`),
  ADD UNIQUE KEY `failed_jobs_uuid_unique` (`uuid`);

--
-- Indexes for table `menus`
--
ALTER TABLE `menus`
  ADD PRIMARY KEY (`id`),
  ADD UNIQUE KEY `menus_name_unique` (`name`);

--
-- Indexes for table `menu_items`
--
ALTER TABLE `menu_items`
  ADD PRIMARY KEY (`id`),
  ADD KEY `menu_items_menu_id_foreign` (`menu_id`);

--
-- Indexes for table `migrations`
--
ALTER TABLE `migrations`
  ADD PRIMARY KEY (`id`);

--
-- Indexes for table `pages`
--
ALTER TABLE `pages`
  ADD PRIMARY KEY (`id`),
  ADD UNIQUE KEY `pages_slug_unique` (`slug`);

--
-- Indexes for table `password_resets`
--
ALTER TABLE `password_resets`
  ADD KEY `password_resets_email_index` (`email`);

--
-- Indexes for table `permissions`
--
ALTER TABLE `permissions`
  ADD PRIMARY KEY (`id`),
  ADD KEY `permissions_key_index` (`key`);

--
-- Indexes for table `permission_role`
--
ALTER TABLE `permission_role`
  ADD PRIMARY KEY (`permission_id`,`role_id`),
  ADD KEY `permission_role_permission_id_index` (`permission_id`),
  ADD KEY `permission_role_role_id_index` (`role_id`);

--
-- Indexes for table `posts`
--
ALTER TABLE `posts`
  ADD PRIMARY KEY (`id`),
  ADD UNIQUE KEY `posts_slug_unique` (`slug`);

--
-- Indexes for table `roles`
--
ALTER TABLE `roles`
  ADD PRIMARY KEY (`id`),
  ADD UNIQUE KEY `roles_name_unique` (`name`);

--
-- Indexes for table `settings`
--
ALTER TABLE `settings`
  ADD PRIMARY KEY (`id`),
  ADD UNIQUE KEY `settings_key_unique` (`key`);

--
-- Indexes for table `translations`
--
ALTER TABLE `translations`
  ADD PRIMARY KEY (`id`),
  ADD UNIQUE KEY `translations_table_name_column_name_foreign_key_locale_unique` (`table_name`,`column_name`,`foreign_key`,`locale`);

--
-- Indexes for table `users`
--
ALTER TABLE `users`
  ADD PRIMARY KEY (`id`),
  ADD UNIQUE KEY `users_email_unique` (`email`),
  ADD KEY `users_role_id_foreign` (`role_id`);

--
-- Indexes for table `user_roles`
--
ALTER TABLE `user_roles`
  ADD PRIMARY KEY (`user_id`,`role_id`),
  ADD KEY `user_roles_user_id_index` (`user_id`),
  ADD KEY `user_roles_role_id_index` (`role_id`);

--
-- AUTO_INCREMENT for dumped tables
--

--
-- AUTO_INCREMENT for table `categories`
--
ALTER TABLE `categories`
  MODIFY `id` int(10) UNSIGNED NOT NULL AUTO_INCREMENT, AUTO_INCREMENT=6;
--
-- AUTO_INCREMENT for table `data_rows`
--
ALTER TABLE `data_rows`
  MODIFY `id` int(10) UNSIGNED NOT NULL AUTO_INCREMENT, AUTO_INCREMENT=56;
--
-- AUTO_INCREMENT for table `data_types`
--
ALTER TABLE `data_types`
  MODIFY `id` int(10) UNSIGNED NOT NULL AUTO_INCREMENT, AUTO_INCREMENT=7;
--
-- AUTO_INCREMENT for table `failed_jobs`
--
ALTER TABLE `failed_jobs`
  MODIFY `id` bigint(20) UNSIGNED NOT NULL AUTO_INCREMENT;
--
-- AUTO_INCREMENT for table `menus`
--
ALTER TABLE `menus`
  MODIFY `id` int(10) UNSIGNED NOT NULL AUTO_INCREMENT, AUTO_INCREMENT=2;
--
-- AUTO_INCREMENT for table `menu_items`
--
ALTER TABLE `menu_items`
  MODIFY `id` int(10) UNSIGNED NOT NULL AUTO_INCREMENT, AUTO_INCREMENT=15;
--
-- AUTO_INCREMENT for table `migrations`
--
ALTER TABLE `migrations`
  MODIFY `id` int(10) UNSIGNED NOT NULL AUTO_INCREMENT, AUTO_INCREMENT=28;
--
-- AUTO_INCREMENT for table `pages`
--
ALTER TABLE `pages`
  MODIFY `id` int(10) UNSIGNED NOT NULL AUTO_INCREMENT, AUTO_INCREMENT=10;
--
-- AUTO_INCREMENT for table `permissions`
--
ALTER TABLE `permissions`
  MODIFY `id` bigint(20) UNSIGNED NOT NULL AUTO_INCREMENT, AUTO_INCREMENT=42;
--
-- AUTO_INCREMENT for table `posts`
--
ALTER TABLE `posts`
  MODIFY `id` int(10) UNSIGNED NOT NULL AUTO_INCREMENT, AUTO_INCREMENT=10;
--
-- AUTO_INCREMENT for table `roles`
--
ALTER TABLE `roles`
  MODIFY `id` bigint(20) UNSIGNED NOT NULL AUTO_INCREMENT, AUTO_INCREMENT=3;
--
-- AUTO_INCREMENT for table `settings`
--
ALTER TABLE `settings`
  MODIFY `id` int(10) UNSIGNED NOT NULL AUTO_INCREMENT, AUTO_INCREMENT=11;
--
-- AUTO_INCREMENT for table `translations`
--
ALTER TABLE `translations`
  MODIFY `id` int(10) UNSIGNED NOT NULL AUTO_INCREMENT, AUTO_INCREMENT=31;
--
-- AUTO_INCREMENT for table `users`
--
ALTER TABLE `users`
  MODIFY `id` bigint(20) UNSIGNED NOT NULL AUTO_INCREMENT, AUTO_INCREMENT=3;
--
-- Constraints for dumped tables
--

--
-- Limitadores para a tabela `categories`
--
ALTER TABLE `categories`
  ADD CONSTRAINT `categories_parent_id_foreign` FOREIGN KEY (`parent_id`) REFERENCES `categories` (`id`) ON DELETE SET NULL ON UPDATE CASCADE;

--
-- Limitadores para a tabela `data_rows`
--
ALTER TABLE `data_rows`
  ADD CONSTRAINT `data_rows_data_type_id_foreign` FOREIGN KEY (`data_type_id`) REFERENCES `data_types` (`id`) ON DELETE CASCADE ON UPDATE CASCADE;

--
-- Limitadores para a tabela `menu_items`
--
ALTER TABLE `menu_items`
  ADD CONSTRAINT `menu_items_menu_id_foreign` FOREIGN KEY (`menu_id`) REFERENCES `menus` (`id`) ON DELETE CASCADE;

--
-- Limitadores para a tabela `permission_role`
--
ALTER TABLE `permission_role`
  ADD CONSTRAINT `permission_role_permission_id_foreign` FOREIGN KEY (`permission_id`) REFERENCES `permissions` (`id`) ON DELETE CASCADE,
  ADD CONSTRAINT `permission_role_role_id_foreign` FOREIGN KEY (`role_id`) REFERENCES `roles` (`id`) ON DELETE CASCADE;

--
-- Limitadores para a tabela `users`
--
ALTER TABLE `users`
  ADD CONSTRAINT `users_role_id_foreign` FOREIGN KEY (`role_id`) REFERENCES `roles` (`id`);

--
-- Limitadores para a tabela `user_roles`
--
ALTER TABLE `user_roles`
  ADD CONSTRAINT `user_roles_role_id_foreign` FOREIGN KEY (`role_id`) REFERENCES `roles` (`id`) ON DELETE CASCADE,
  ADD CONSTRAINT `user_roles_user_id_foreign` FOREIGN KEY (`user_id`) REFERENCES `users` (`id`) ON DELETE CASCADE;
COMMIT;

/*!40101 SET CHARACTER_SET_CLIENT=@OLD_CHARACTER_SET_CLIENT */;
/*!40101 SET CHARACTER_SET_RESULTS=@OLD_CHARACTER_SET_RESULTS */;
/*!40101 SET COLLATION_CONNECTION=@OLD_COLLATION_CONNECTION */;
